date,home_team,away_team,home_score,away_score,neutral,worldcup
2016-01-03,India,Afghanistan,2,1,0,0
2016-01-16,Gabon,Morocco,0,0,1,0
2016-01-16,Rwanda,Ivory Coast,1,0,0,0
2016-01-17,Angola,Cameroon,0,1,1,0
2016-01-17,Congo DR,Ethiopia,3,0,1,0
2016-01-18,Nigeria,Niger,4,1,1,0
2016-01-18,Tunisia,Guinea,2,2,1,0
2016-01-19,Mali,Uganda,2,2,1,0
2016-01-19,Zimbabwe,Zambia,0,1,1,0
2016-01-20,Morocco,Ivory Coast,0,1,1,0
2016-01-20,Rwanda,Gabon,2,1,0,0
2016-01-21,Cameroon,Ethiopia,0,0,1,0
2016-01-21,Congo DR,Angola,4,2,1,0
2016-01-22,Niger,Guinea,2,2,1,0
2016-01-22,Tunisia,Nigeria,1,1,1,0
2016-01-23,Uganda,Zambia,0,1,1,0
2016-01-23,Zimbabwe,Mali,0,1,1,0
2016-01-24,Ivory Coast,Gabon,4,1,1,0
2016-01-24,Rwanda,Morocco,1,4,0,0
2016-01-25,Cameroon,Congo DR,3,1,1,0
2016-01-25,Ethiopia,Angola,1,2,1,0
2016-01-26,Guinea,Nigeria,1,0,1,0
2016-01-26,Niger,Tunisia,0,5,1,0
2016-01-27,Uganda,Zimbabwe,1,1,1,0
2016-01-27,Zambia,Mali,0,0,1,0
2016-01-30,Cameroon,Ivory Coast,0,3,1,0
2016-01-30,Rwanda,Congo DR,1,2,0,0
2016-01-31,Tunisia,Mali,1,2,1,0
2016-01-31,Zambia,Guinea,0,0,1,0
2016-02-03,Congo DR,Guinea,1,1,1,0
2016-02-04,Mali,Ivory Coast,1,0,1,0
2016-02-07,Congo DR,Mali,3,0,1,0
2016-02-07,Guinea,Ivory Coast,1,2,1,0
2016-03-22,Cuba,Bermuda,2,1,0,0
2016-03-23,Antigua and Barbuda,Aruba,2,1,0,0
2016-03-23,Barbados,Curaçao,1,0,0,0
2016-03-23,Chad,Tanzania,0,1,0,0
2016-03-23,Guadeloupe,Suriname,0,0,0,0
2016-03-23,Guinea-Bissau,Kenya,1,0,0,0
2016-03-23,Martinique,British Virgin Islands,3,0,0,0
2016-03-23,São Tomé and Príncipe,Libya,2,1,0,0
2016-03-23,South Sudan,Benin,1,2,0,0
2016-03-23,Zambia,Congo,1,1,0,0
2016-03-24,Australia,Tajikistan,7,0,0,0
2016-03-24,Bahrain,Yemen,3,0,0,0
2016-03-24,Bolivia,Colombia,2,3,0,0
2016-03-24,Chile,Argentina,1,2,0,0
2016-03-24,China,Maldives,4,0,0,0
2016-03-24,Comoros,Botswana,1,0,0,0
2016-03-24,Djibouti,Liberia,0,1,0,0
2016-03-24,Ecuador,Paraguay,2,2,0,0
2016-03-24,Ghana,Mozambique,3,1,0,0
2016-03-24,Iran,India,4,0,0,0
2016-03-24,Iraq,Thailand,2,2,1,0
2016-03-24,Japan,Afghanistan,5,0,0,0
2016-03-24,Jordan,Bangladesh,8,0,0,0
2016-03-24,Korea Republic,Lebanon,1,0,0,0
2016-03-24,Madagascar,Central African Republic,1,1,0,0
2016-03-24,Oman,Guam,1,0,0,0
2016-03-24,Peru,Venezuela,2,2,0,0
2016-03-24,Qatar,Hong Kong,2,0,0,0
2016-03-24,Saudi Arabia,Malaysia,2,0,0,0
2016-03-24,Syria,Cambodia,6,0,1,0
2016-03-24,United Arab Emirates,Palestine,2,0,0,0
2016-03-24,Uzbekistan,Philippines,1,0,0,0
2016-03-24,Vietnam,Taiwan,4,1,0,0
2016-03-25,Algeria,Ethiopia,7,1,0,0
2016-03-25,Brazil,Uruguay,2,2,0,0
2016-03-25,Canada,Mexico,0,3,0,0
2016-03-25,El Salvador,Honduras,2,2,0,0
2016-03-25,Guatemala,USA,2,0,0,0
2016-03-25,Guinea,Malawi,0,0,0,0
2016-03-25,Haiti,Panama,0,0,0,0
2016-03-25,Ivory Coast,Sudan,1,0,0,0
2016-03-25,Jamaica,Costa Rica,1,1,0,0
2016-03-25,Mali,Equatorial Guinea,1,0,0,0
2016-03-25,Mauritania,Gambia,2,1,0,0
2016-03-25,Nigeria,Egypt,1,1,0,0
2016-03-25,Swaziland,Zimbabwe,1,1,0,0
2016-03-25,Tunisia,Togo,1,0,0,0
2016-03-26,Anguilla,Puerto Rico,0,4,0,0
2016-03-26,Aruba,St. Kitts and Nevis,0,2,0,0
2016-03-26,Bermuda,French Guyana,2,1,0,0
2016-03-26,British Virgin Islands,Dominica,0,7,0,0
2016-03-26,Burkina Faso,Uganda,1,0,0,0
2016-03-26,Burundi,Namibia,1,3,0,0
2016-03-26,Cameroon,South Africa,2,2,0,0
2016-03-26,Cape Verde,Morocco,0,1,0,0
2016-03-26,Congo DR,Angola,2,1,0,0
2016-03-26,Curaçao,Dominican Republic,2,1,0,0
2016-03-26,Mauritius,Rwanda,1,0,0,0
2016-03-26,Senegal,Niger,2,0,0,0
2016-03-26,Seychelles,Lesotho,2,0,0,0
2016-03-26,Sint Maarten,Virgin Islands,1,2,0,0
2016-03-27,Benin,South Sudan,4,1,0,0
2016-03-27,Botswana,Comoros,2,1,0,0
2016-03-27,Congo,Zambia,1,1,0,0
2016-03-27,Kenya,Guinea-Bissau,0,1,0,0
2016-03-27,Mozambique,Ghana,0,0,0,0
2016-03-28,Central African Republic,Madagascar,2,1,0,0
2016-03-28,Equatorial Guinea,Mali,0,1,0,0
2016-03-28,Libya,São Tomé and Príncipe,4,0,1,0
2016-03-29,Afghanistan,Singapore,2,1,1,0
2016-03-29,Angola,Congo DR,0,2,0,0
2016-03-29,Argentina,Bolivia,2,0,0,0
2016-03-29,Australia,Jordan,5,1,0,0
2016-03-29,China,Qatar,2,0,0,0
2016-03-29,Colombia,Ecuador,3,0,0,0
2016-03-29,Costa Rica,Jamaica,3,0,0,0
2016-03-29,Dominica,Martinique,1,4,0,0
2016-03-29,Dominican Republic,Barbados,2,0,0,0
2016-03-29,Egypt,Nigeria,1,0,0,0
2016-03-29,Ethiopia,Algeria,3,3,0,0
2016-03-29,French Guyana,Cuba,3,0,0,0
2016-03-29,Gambia,Mauritania,0,0,0,0
2016-03-29,Honduras,El Salvador,2,0,0,0
2016-03-29,India,Turkmenistan,1,2,0,0
2016-03-29,Iran,Oman,2,0,0,0
2016-03-29,Iraq,Vietnam,1,0,1,0
2016-03-29,Japan,Syria,5,0,0,0
2016-03-29,Lebanon,Burma,1,1,0,0
2016-03-29,Lesotho,Seychelles,2,1,0,0
2016-03-29,Liberia,Djibouti,5,0,0,0
2016-03-29,Malawi,Guinea,1,2,0,0
2016-03-29,Maldives,Bhutan,4,2,0,0
2016-03-29,Mexico,Canada,2,0,0,0
2016-03-29,Morocco,Cape Verde,2,0,0,0
2016-03-29,Namibia,Burundi,1,3,0,0
2016-03-29,Niger,Senegal,1,2,0,0
2016-03-29,Palestine,East Timor,7,0,0,0
2016-03-29,Panama,Haiti,1,0,0,0
2016-03-29,Paraguay,Brazil,2,2,0,0
2016-03-29,Philippines,Korea DPR,3,2,0,0
2016-03-29,Rwanda,Mauritius,5,0,0,0
2016-03-29,South Africa,Cameroon,0,0,0,0
2016-03-29,St. Kitts and Nevis,Antigua and Barbuda,1,0,0,0
2016-03-29,Sudan,Ivory Coast,1,1,0,0
2016-03-29,Suriname,Guadeloupe,3,2,0,0
2016-03-29,Tajikistan,Kyrgyzstan,0,1,0,0
2016-03-29,Togo,Tunisia,0,0,0,0
2016-03-29,Uganda,Burkina Faso,0,0,0,0
2016-03-29,United Arab Emirates,Saudi Arabia,1,1,0,0
2016-03-29,Uruguay,Peru,1,0,0,0
2016-03-29,USA,Guatemala,4,0,0,0
2016-03-29,Uzbekistan,Bahrain,1,0,0,0
2016-03-29,Venezuela,Chile,1,4,0,0
2016-03-29,Virgin Islands,Grenada,1,2,0,0
2016-05-28,New Zealand,Fiji,3,1,1,0
2016-05-28,Vanuatu,Solomon Islands,0,1,1,0
2016-05-29,Lithuania,Estonia,2,0,0,0
2016-05-29,Papua New Guinea,New Caledonia,1,1,0,0
2016-05-29,Tahiti,Samoa,4,0,1,0
2016-05-29,Abkhazia,Chagos Islands,9,0,1,0
2016-05-29,Iraqi Kurdistan,Székely Land,3,0,1,0
2016-05-29,Padania,Northern Cyprus,1,2,1,0
2016-05-29,Sápmi,Somaliland,5,0,1,0
2016-05-30,Chagos Islands,Western Armenia,0,12,1,0
2016-05-30,United Koreans in Japan,Székely Land,1,0,1,0
2016-05-30,Raetia,Padania,0,6,1,0
2016-05-30,Sápmi,Panjab,0,1,1,0
2016-05-31,Solomon Islands,Fiji,0,1,1,0
2016-05-31,Vanuatu,New Zealand,0,5,1,0
2016-05-31,Abkhazia,Western Armenia,1,0,1,0
2016-05-31,United Koreans in Japan,Iraqi Kurdistan,0,3,1,0
2016-05-31,Northern Cyprus,Raetia,7,0,1,0
2016-05-31,Somaliland,Panjab,0,5,1,0
2016-06-01,Curaçao,Guyana,5,2,0,0
2016-06-01,Grenada,Puerto Rico,3,3,0,0
2016-06-01,Latvia,Lithuania,2,1,0,0
2016-06-01,Martinique,Guadeloupe,2,0,0,0
2016-06-01,New Caledonia,Samoa,7,0,1,0
2016-06-01,Papua New Guinea,Tahiti,2,2,0,0
2016-06-01,St. Kitts and Nevis,Suriname,1,0,0,0
2016-06-01,United Koreans in Japan,Northern Cyprus,1,1,1,0
2016-06-01,Abkhazia,Sápmi,2,0,1,0
2016-06-02,Laos,India,0,1,0,0
2016-06-02,Malaysia,East Timor,3,0,0,0
2016-06-02,Maldives,Yemen,0,2,0,0
2016-06-02,Seychelles,Algeria,0,2,0,0
2016-06-02,Tajikistan,Bangladesh,5,0,0,0
2016-06-02,Iraqi Kurdistan,Padania,2,2,1,0
2016-06-02,Western Armenia,Panjab,2,3,1,0
2016-06-02,Chagos Islands,Somaliland,2,3,1,0
2016-06-02,Székely Land,Raetia,7,0,1,0
2016-06-03,Bosnia-Herzegovina,Denmark,2,2,1,0
2016-06-03,Djibouti,Tunisia,0,3,0,0
2016-06-03,Japan,Bulgaria,7,2,0,0
2016-06-03,Libya,Morocco,1,1,1,0
2016-06-03,Mauritania,Cameroon,0,1,0,0
2016-06-03,Sierra Leone,Sudan,1,0,0,0
2016-06-03,Thailand,Syria,2,2,0,0
2016-06-03,United Arab Emirates,Jordan,1,3,1,0
2016-06-03,USA,Colombia,0,2,0,0
2016-06-03,United Koreans in Japan,Sápmi,1,2,1,0
2016-06-03,Iraqi Kurdistan,Western Armenia,0,0,1,0
2016-06-03,Chagos Islands,Raetia,3,3,1,0
2016-06-03,Somaliland,Székely Land,7,0,1,0
2016-06-04,Botswana,Uganda,1,2,0,0
2016-06-04,Brazil,Ecuador,0,0,1,0
2016-06-04,Costa Rica,Paraguay,0,0,1,0
2016-06-04,Estonia,Latvia,0,0,0,0
2016-06-04,Fiji,Vanuatu,2,3,1,0
2016-06-04,Gambia,South Africa,0,4,0,0
2016-06-04,Guadeloupe,Dominica,2,1,0,0
2016-06-04,Haiti,Peru,0,1,1,0
2016-06-04,New Zealand,Solomon Islands,1,0,1,0
2016-06-04,Rwanda,Mozambique,2,3,0,0
2016-06-04,South Sudan,Mali,0,3,0,0
2016-06-04,Tanzania,Egypt,0,2,0,0
2016-06-04,Virgin Islands,Guyana,0,7,0,0
2016-06-04,Abkhazia,Northern Cyprus,2,0,1,0
2016-06-04,Padania,Panjab,1,0,1,0
2016-06-04,United Koreans in Japan,Iraqi Kurdistan,1,1,1,0
2016-06-04,Sápmi,Western Armenia,3,0,1,0
2016-06-05,Central African Republic,Angola,3,0,0,0
2016-06-05,Comoros,Burkina Faso,0,1,0,0
2016-06-05,Jamaica,Venezuela,0,1,1,0
2016-06-05,Kenya,Congo,2,1,0,0
2016-06-05,Lesotho,Ethiopia,1,2,0,0
2016-06-05,Liberia,Togo,2,2,0,0
2016-06-05,Madagascar,Congo DR,1,6,0,0
2016-06-05,Mauritius,Ghana,0,2,0,0
2016-06-05,Mexico,Uruguay,3,1,1,0
2016-06-05,Papua New Guinea,Samoa,8,0,0,0
2016-06-05,Swaziland,Guinea,1,0,0,0
2016-06-05,Tahiti,New Caledonia,1,1,1,0
2016-06-05,Thailand,Jordan,2,0,0,0
2016-06-05,United Arab Emirates,Syria,0,1,1,0
2016-06-05,Zimbabwe,Malawi,3,0,0,0
2016-06-05,Padania,Northern Cyprus,0,2,1,0
2016-06-05,Abkhazia,Panjab,1,1,1,0
2016-06-06,Argentina,Chile,2,1,1,0
2016-06-06,Malaysia,East Timor,3,0,0,0
2016-06-06,Panama,Bolivia,2,1,1,0
2016-06-07,Bangladesh,Tajikistan,0,1,0,0
2016-06-07,Bulgaria,Denmark,0,4,1,0
2016-06-07,Cambodia,Taiwan,2,0,0,0
2016-06-07,Colombia,Paraguay,2,1,1,0
2016-06-07,Curaçao,Virgin Islands,7,0,0,0
2016-06-07,Dominican Republic,French Guyana,2,1,0,0
2016-06-07,India,Laos,6,1,0,0
2016-06-07,Japan,Bosnia-Herzegovina,1,2,0,0
2016-06-07,St. Vincent and the Grenadines,St. Kitts and Nevis,0,1,0,0
2016-06-07,USA,Costa Rica,4,0,0,0
2016-06-07,Yemen,Maldives,2,0,1,0
2016-06-08,Brazil,Haiti,7,1,1,0
2016-06-08,Ecuador,Peru,2,2,1,0
2016-06-08,New Zealand,New Caledonia,1,0,1,0
2016-06-08,Papua New Guinea,Solomon Islands,2,1,0,0
2016-06-09,Mexico,Jamaica,2,0,1,0
2016-06-09,Uruguay,Venezuela,0,1,1,0
2016-06-10,Argentina,Panama,5,0,1,0
2016-06-10,Chile,Bolivia,2,1,1,0
2016-06-10,France,Romania,2,1,0,0
2016-06-11,Albania,Switzerland,0,1,1,0
2016-06-11,Colombia,Costa Rica,2,3,1,0
2016-06-11,England,Russia,1,1,1,0
2016-06-11,Papua New Guinea,New Zealand,0,0,0,0
2016-06-11,Seychelles,Madagascar,0,1,1,0
2016-06-11,USA,Paraguay,1,0,0,0
2016-06-11,Wales,Slovakia,2,1,1,0
2016-06-11,Zimbabwe,Swaziland,2,2,1,0
2016-06-12,Benin,Equatorial Guinea,2,1,0,0
2016-06-12,Brazil,Peru,0,1,1,0
2016-06-12,Ecuador,Haiti,4,0,1,0
2016-06-12,Germany,Ukraine,2,0,1,0
2016-06-12,Lesotho,Mauritius,3,0,1,0
2016-06-12,Malawi,Angola,3,0,1,0
2016-06-12,Poland,Northern Ireland,1,0,1,0
2016-06-12,Turkey,Croatia,0,1,1,0
2016-06-13,Belgium,Italy,0,2,1,0
2016-06-13,Ireland,Sweden,1,1,1,0
2016-06-13,Madagascar,Zimbabwe,0,0,1,0
2016-06-13,Mexico,Venezuela,1,1,1,0
2016-06-13,Spain,Czech Republic,1,0,1,0
2016-06-13,Swaziland,Seychelles,4,0,1,0
2016-06-13,Uruguay,Jamaica,3,0,1,0
2016-06-14,Angola,Lesotho,0,2,1,0
2016-06-14,Argentina,Bolivia,3,0,1,0
2016-06-14,Austria,Hungary,0,2,1,0
2016-06-14,Chile,Panama,4,2,1,0
2016-06-14,Mauritius,Malawi,0,1,1,0
2016-06-14,Portugal,Iceland,1,1,1,0
2016-06-15,France,Albania,2,0,0,0
2016-06-15,Romania,Switzerland,1,1,1,0
2016-06-15,Russia,Slovakia,1,2,1,0
2016-06-15,Swaziland,Madagascar,1,0,1,0
2016-06-15,Zimbabwe,Seychelles,5,0,1,0
2016-06-16,Angola,Mauritius,0,2,1,0
2016-06-16,England,Wales,2,1,1,0
2016-06-16,Germany,Poland,0,0,1,0
2016-06-16,Malawi,Lesotho,0,1,1,0
2016-06-16,Ukraine,Northern Ireland,0,2,1,0
2016-06-16,USA,Ecuador,2,1,0,0
2016-06-17,Czech Republic,Croatia,2,2,1,0
2016-06-17,Italy,Sweden,1,0,1,0
2016-06-17,Peru,Colombia,0,0,1,0
2016-06-17,Spain,Turkey,3,0,1,0
2016-06-18,Argentina,Venezuela,4,1,1,0
2016-06-18,Belgium,Ireland,3,0,1,0
2016-06-18,Iceland,Hungary,1,1,1,0
2016-06-18,Mexico,Chile,0,7,1,0
2016-06-18,Namibia,Botswana,1,1,0,0
2016-06-18,Portugal,Austria,0,0,1,0
2016-06-18,South Africa,Lesotho,1,1,1,0
2016-06-19,Congo DR,Mozambique,1,0,1,0
2016-06-19,France,Switzerland,0,0,0,0
2016-06-19,French Guyana,Bermuda,3,0,0,0
2016-06-19,Romania,Albania,0,1,1,0
2016-06-19,Zambia,Swaziland,0,0,1,0
2016-06-20,Russia,Wales,0,3,1,0
2016-06-20,Slovakia,England,0,0,1,0
2016-06-21,Croatia,Spain,2,1,1,0
2016-06-21,Czech Republic,Turkey,0,2,1,0
2016-06-21,Lesotho,Zambia,2,3,1,0
2016-06-21,Namibia,Mozambique,3,0,0,0
2016-06-21,Northern Ireland,Germany,0,1,1,0
2016-06-21,Ukraine,Poland,0,1,1,0
2016-06-21,USA,Argentina,0,4,0,0
2016-06-22,Botswana,Congo DR,0,0,1,0
2016-06-22,Colombia,Chile,0,2,1,0
2016-06-22,Hungary,Portugal,3,3,1,0
2016-06-22,Iceland,Austria,2,1,1,0
2016-06-22,Italy,Ireland,0,1,1,0
2016-06-22,South Africa,Swaziland,5,1,1,0
2016-06-22,Sweden,Belgium,0,1,1,0
2016-06-24,Namibia,Zambia,1,0,0,0
2016-06-25,Croatia,Portugal,0,1,1,0
2016-06-25,South Africa,Botswana,3,2,1,0
2016-06-25,Swaziland,Congo DR,1,0,1,0
2016-06-25,Switzerland,Poland,1,1,1,0
2016-06-25,USA,Colombia,0,1,0,0
2016-06-25,Wales,Northern Ireland,1,0,1,0
2016-06-26,Argentina,Chile,0,0,1,0
2016-06-26,France,Ireland,2,1,0,0
2016-06-26,Germany,Slovakia,3,0,1,0
2016-06-26,Hungary,Belgium,0,4,1,0
2016-06-27,England,Iceland,1,2,1,0
2016-06-27,Italy,Spain,2,0,1,0
2016-06-30,Macau,Mongolia,2,2,1,0
2016-06-30,Poland,Portugal,1,1,1,0
2016-07-01,Wales,Belgium,3,1,1,0
2016-07-02,Germany,Italy,1,1,1,0
2016-07-02,Mongolia,Taiwan,0,2,1,0
2016-07-02,Northern Mariana Islands,Macau,1,3,1,0
2016-07-03,France,Iceland,5,2,0,0
2016-07-04,Northern Mariana Islands,Mongolia,0,8,1,0
2016-07-06,Portugal,Wales,2,0,1,0
2016-07-07,France,Germany,2,0,0,0
2016-07-10,France,Portugal,0,1,0,0
2016-09-01,Argentina,Uruguay,1,0,0,0
2016-09-01,Australia,Iraq,2,0,0,0
2016-09-01,Bolivia,Peru,0,3,0,0
2016-09-01,Colombia,Venezuela,2,0,0,0
2016-09-01,Ecuador,Brazil,0,3,0,0
2016-09-01,Iran,Qatar,2,0,0,0
2016-09-01,Japan,United Arab Emirates,1,2,0,0
2016-09-01,Korea Republic,China,3,2,0,0
2016-09-01,Paraguay,Chile,2,1,0,0
2016-09-01,Saudi Arabia,Thailand,1,0,0,0
2016-09-01,Uzbekistan,Syria,1,0,0,0
2016-09-02,El Salvador,Mexico,1,3,0,0
2016-09-02,Haiti,Costa Rica,0,1,0,0
2016-09-02,Honduras,Canada,2,1,0,0
2016-09-02,Panama,Jamaica,2,0,0,0
2016-09-02,South Africa,Mauritania,1,1,0,0
2016-09-02,St. Vincent and the Grenadines,USA,0,6,0,0
2016-09-02,Trinidad and Tobago,Guatemala,2,2,0,0
2016-09-03,Angola,Madagascar,1,1,0,0
2016-09-03,Cameroon,Gambia,2,0,0,0
2016-09-03,Cape Verde,Libya,0,1,0,0
2016-09-03,Ethiopia,Seychelles,2,1,0,0
2016-09-03,Ghana,Rwanda,1,1,0,0
2016-09-03,Ivory Coast,Sierra Leone,1,1,0,0
2016-09-03,Mozambique,Mauritius,1,0,0,0
2016-09-03,Nigeria,Tanzania,1,0,0,0
2016-09-03,Senegal,Namibia,2,0,0,0
2016-09-04,Algeria,Lesotho,6,0,0,0
2016-09-04,Burkina Faso,Botswana,2,1,0,0
2016-09-04,Congo,Guinea-Bissau,1,0,0,0
2016-09-04,Congo DR,Central African Republic,4,1,0,0
2016-09-04,Czech Republic,Northern Ireland,0,0,0,0
2016-09-04,Denmark,Armenia,1,0,0,0
2016-09-04,Equatorial Guinea,South Sudan,4,0,0,0
2016-09-04,Kazakhstan,Poland,2,2,0,0
2016-09-04,Lithuania,Slovenia,2,2,0,0
2016-09-04,Malawi,Swaziland,1,0,0,0
2016-09-04,Malta,Scotland,1,5,0,0
2016-09-04,Norway,Germany,0,3,0,0
2016-09-04,Romania,Montenegro,1,1,0,0
2016-09-04,San Marino,Azerbaijan,0,1,0,0
2016-09-04,Slovakia,England,0,1,0,0
2016-09-04,Tunisia,Liberia,4,1,0,0
2016-09-04,Uganda,Comoros,1,0,0,0
2016-09-04,Zambia,Kenya,1,1,0,0
2016-09-05,Albania,Macedonia,2,1,0,0
2016-09-05,Croatia,Turkey,1,1,0,0
2016-09-05,Finland,Kosovo,1,1,0,0
2016-09-05,Georgia,Austria,1,2,0,0
2016-09-05,Israel,Italy,1,3,0,0
2016-09-05,Serbia,Ireland,2,2,0,0
2016-09-05,Spain,Liechtenstein,8,0,0,0
2016-09-05,Ukraine,Iceland,1,1,0,0
2016-09-05,Wales,Moldova,4,0,0,0
2016-09-06,Andorra,Latvia,0,1,0,0
2016-09-06,Bangladesh,Bhutan,0,0,0,0
2016-09-06,Belarus,France,0,0,0,0
2016-09-06,Bosnia-Herzegovina,Estonia,5,0,0,0
2016-09-06,Brazil,Colombia,2,1,0,0
2016-09-06,Bulgaria,Luxembourg,4,3,0,0
2016-09-06,Canada,El Salvador,3,1,0,0
2016-09-06,Chile,Bolivia,3,0,0,0
2016-09-06,China,Iran,0,0,0,0
2016-09-06,Costa Rica,Panama,3,1,0,0
2016-09-06,Cyprus,Belgium,0,3,0,0
2016-09-06,Faroe Islands,Hungary,0,0,0,0
2016-09-06,Gibraltar,Greece,1,4,1,0
2016-09-06,Iraq,Saudi Arabia,1,2,1,0
2016-09-06,Jamaica,Haiti,0,2,0,0
2016-09-06,Maldives,Laos,4,0,0,0
2016-09-06,Mexico,Honduras,0,0,0,0
2016-09-06,Peru,Ecuador,2,1,0,0
2016-09-06,Qatar,Uzbekistan,0,1,0,0
2016-09-06,Sweden,Netherlands,1,1,0,0
2016-09-06,Switzerland,Portugal,2,0,0,0
2016-09-06,Syria,Korea Republic,0,0,1,0
2016-09-06,Thailand,Japan,0,2,0,0
2016-09-06,United Arab Emirates,Australia,0,1,0,0
2016-09-06,Uruguay,Paraguay,4,0,0,0
2016-09-06,USA,Trinidad and Tobago,4,0,0,0
2016-09-06,Venezuela,Argentina,2,2,0,0
2016-10-05,Curaçao,Antigua and Barbuda,3,0,0,0
2016-10-05,Trinidad and Tobago,Dominican Republic,4,0,0,0
2016-10-06,Austria,Wales,2,2,0,0
2016-10-06,Brazil,Bolivia,5,0,0,0
2016-10-06,China,Syria,0,1,0,0
2016-10-06,Ecuador,Chile,3,0,0,0
2016-10-06,Iceland,Finland,3,2,0,0
2016-10-06,Ireland,Georgia,1,0,0,0
2016-10-06,Italy,Spain,1,1,0,0
2016-10-06,Japan,Iraq,2,1,0,0
2016-10-06,Korea Republic,Qatar,3,2,0,0
2016-10-06,Kosovo,Croatia,0,6,1,0
2016-10-06,Liechtenstein,Albania,0,2,0,0
2016-10-06,Macedonia,Israel,1,2,0,0
2016-10-06,Moldova,Serbia,0,3,0,0
2016-10-06,Paraguay,Colombia,0,1,0,0
2016-10-06,Peru,Argentina,2,2,0,0
2016-10-06,Saudi Arabia,Australia,2,2,0,0
2016-10-06,Turkey,Ukraine,2,2,0,0
2016-10-06,United Arab Emirates,Thailand,3,1,0,0
2016-10-06,Uruguay,Venezuela,3,0,0,0
2016-10-06,Uzbekistan,Iran,0,1,0,0
2016-10-07,Belgium,Bosnia-Herzegovina,4,0,0,0
2016-10-07,Estonia,Gibraltar,4,0,0,0
2016-10-07,France,Bulgaria,4,1,0,0
2016-10-07,Ghana,Uganda,0,0,0,0
2016-10-07,Greece,Cyprus,2,0,0,0
2016-10-07,Hungary,Switzerland,2,3,0,0
2016-10-07,Latvia,Faroe Islands,0,2,0,0
2016-10-07,Luxembourg,Sweden,0,1,0,0
2016-10-07,Netherlands,Belarus,4,1,0,0
2016-10-07,Portugal,Andorra,6,0,0,0
2016-10-08,Armenia,Romania,0,5,0,0
2016-10-08,Azerbaijan,Norway,1,0,0,0
2016-10-08,Burkina Faso,South Africa,1,1,0,0
2016-10-08,Congo DR,Libya,4,0,0,0
2016-10-08,Dominican Republic,Martinique,1,2,0,0
2016-10-08,England,Malta,2,0,0,0
2016-10-08,French Guyana,St. Kitts and Nevis,1,0,0,0
2016-10-08,Gabon,Morocco,0,0,0,0
2016-10-08,Germany,Czech Republic,3,0,0,0
2016-10-08,Ivory Coast,Mali,3,1,0,0
2016-10-08,Montenegro,Kazakhstan,5,0,0,0
2016-10-08,Northern Ireland,San Marino,4,0,0,0
2016-10-08,Poland,Denmark,3,2,0,0
2016-10-08,Scotland,Lithuania,1,1,0,0
2016-10-08,Senegal,Cape Verde,2,0,0,0
2016-10-08,Slovenia,Slovakia,1,0,0,0
2016-10-08,Suriname,Guyana,3,2,0,0
2016-10-08,Taiwan,East Timor,2,1,0,0
2016-10-09,Albania,Spain,0,2,0,0
2016-10-09,Algeria,Cameroon,1,1,0,0
2016-10-09,Congo,Egypt,1,2,0,0
2016-10-09,Finland,Croatia,0,1,0,0
2016-10-09,Iceland,Turkey,2,0,0,0
2016-10-09,Israel,Liechtenstein,2,1,0,0
2016-10-09,Macedonia,Italy,2,3,0,0
2016-10-09,Moldova,Ireland,1,3,0,0
2016-10-09,Serbia,Austria,3,2,0,0
2016-10-09,Tunisia,Guinea,2,0,0,0
2016-10-09,Ukraine,Kosovo,3,0,1,0
2016-10-09,Wales,Georgia,1,1,0,0
2016-10-09,Zambia,Nigeria,1,2,0,0
2016-10-10,Andorra,Switzerland,1,2,0,0
2016-10-10,Belarus,Luxembourg,1,1,0,0
2016-10-10,Bhutan,Bangladesh,3,1,0,0
2016-10-10,Bosnia-Herzegovina,Cyprus,2,0,0,0
2016-10-10,Estonia,Greece,0,2,0,0
2016-10-10,Faroe Islands,Portugal,0,6,0,0
2016-10-10,Gibraltar,Belgium,0,6,1,0
2016-10-10,Latvia,Hungary,0,2,0,0
2016-10-10,Netherlands,France,0,1,0,0
2016-10-10,Sweden,Bulgaria,3,0,0,0
2016-10-11,Argentina,Paraguay,0,1,0,0
2016-10-11,Australia,Japan,1,1,0,0
2016-10-11,Bolivia,Ecuador,2,2,0,0
2016-10-11,Chile,Peru,2,1,0,0
2016-10-11,Colombia,Uruguay,2,2,0,0
2016-10-11,Czech Republic,Azerbaijan,0,0,0,0
2016-10-11,Denmark,Montenegro,0,1,0,0
2016-10-11,Germany,Northern Ireland,2,0,0,0
2016-10-11,Iran,Korea Republic,1,0,0,0
2016-10-11,Iraq,Thailand,4,0,1,0
2016-10-11,Kazakhstan,Romania,0,0,0,0
2016-10-11,Laos,Maldives,1,1,0,0
2016-10-11,Lithuania,Malta,2,0,0,0
2016-10-11,Norway,San Marino,4,1,0,0
2016-10-11,Poland,Armenia,2,1,0,0
2016-10-11,Puerto Rico,Curaçao,2,4,0,0
2016-10-11,Qatar,Syria,1,0,0,0
2016-10-11,Saudi Arabia,United Arab Emirates,3,0,0,0
2016-10-11,Slovakia,Scotland,3,0,0,0
2016-10-11,Slovenia,England,0,0,0,0
2016-10-11,Uzbekistan,China,2,0,0,0
2016-10-11,Venezuela,Brazil,0,2,0,0
2016-10-15,Brunei,East Timor,2,1,1,0
2016-10-15,Cambodia,Laos,2,1,0,0
2016-10-18,Cambodia,Brunei,3,0,0,0
2016-10-18,East Timor,Laos,1,2,1,0
2016-10-21,Cambodia,East Timor,3,2,0,0
2016-10-21,Laos,Brunei,4,3,1,0
2016-11-02,Brunei,East Timor,4,0,1,0
2016-11-03,Macau,Mongolia,2,1,1,0
2016-11-03,Sri Lanka,Laos,1,2,1,0
2016-11-05,East Timor,Nepal,0,0,1,0
2016-11-06,Hong Kong,Guam,3,2,0,0
2016-11-06,Korea DPR,Taiwan,2,0,1,0
2016-11-06,Laos,Macau,1,4,1,0
2016-11-06,Mongolia,Sri Lanka,2,0,1,0
2016-11-07,Tahiti,Solomon Islands,3,0,1,0
2016-11-08,Nepal,Brunei,3,0,1,0
2016-11-09,Guam,Korea DPR,0,2,1,0
2016-11-09,Haiti,French Guyana,2,5,0,0
2016-11-09,Hong Kong,Taiwan,4,2,0,0
2016-11-09,Mongolia,Laos,0,3,1,0
2016-11-09,Sri Lanka,Macau,1,1,1,0
2016-11-10,Brazil,Argentina,3,0,0,0
2016-11-10,Colombia,Chile,0,0,0,0
2016-11-10,Paraguay,Peru,1,4,0,0
2016-11-10,Uruguay,Ecuador,2,1,0,0
2016-11-10,Venezuela,Bolivia,5,0,0,0
2016-11-11,Armenia,Montenegro,3,2,0,0
2016-11-11,Czech Republic,Norway,2,1,0,0
2016-11-11,Denmark,Kazakhstan,4,1,0,0
2016-11-11,England,Scotland,3,0,0,0
2016-11-11,France,Sweden,2,1,0,0
2016-11-11,Honduras,Panama,0,1,0,0
2016-11-11,Libya,Tunisia,0,1,1,0
2016-11-11,Malta,Slovenia,0,1,0,0
2016-11-11,Northern Ireland,Azerbaijan,4,0,0,0
2016-11-11,Romania,Poland,0,3,0,0
2016-11-11,San Marino,Germany,0,8,0,0
2016-11-11,Slovakia,Lithuania,4,0,0,0
2016-11-12,Albania,Israel,0,3,0,0
2016-11-12,Austria,Ireland,0,1,0,0
2016-11-12,Cameroon,Zambia,1,1,0,0
2016-11-12,Cape Verde,Burkina Faso,0,2,0,0
2016-11-12,Croatia,Iceland,2,0,0,0
2016-11-12,Georgia,Moldova,1,1,0,0
2016-11-12,Hong Kong,Korea DPR,0,1,0,0
2016-11-12,Liechtenstein,Italy,0,4,0,0
2016-11-12,Macau,Brunei,1,1,1,0
2016-11-12,Mali,Gabon,0,0,0,0
2016-11-12,Morocco,Ivory Coast,0,0,0,0
2016-11-12,Nepal,Laos,2,2,1,0
2016-11-12,New Zealand,New Caledonia,2,0,0,0
2016-11-12,Nigeria,Algeria,3,1,0,0
2016-11-12,Spain,Macedonia,4,0,0,0
2016-11-12,Turkey,Kosovo,2,0,0,0
2016-11-12,Uganda,Congo,1,0,0,0
2016-11-12,Ukraine,Finland,1,0,0,0
2016-11-12,Wales,Serbia,1,1,0,0
2016-11-13,Belgium,Estonia,8,1,0,0
2016-11-13,Bulgaria,Belarus,1,0,0,0
2016-11-13,Cyprus,Gibraltar,3,1,0,0
2016-11-13,Egypt,Ghana,2,0,0,0
2016-11-13,Greece,Bosnia-Herzegovina,1,1,0,0
2016-11-13,Guinea,Congo DR,1,2,0,0
2016-11-13,Hungary,Andorra,4,0,0,0
2016-11-13,Jamaica,Suriname,1,0,0,0
2016-11-13,Luxembourg,Netherlands,1,3,0,0
2016-11-13,Portugal,Latvia,4,1,0,0
2016-11-13,Solomon Islands,Tahiti,1,0,0,0
2016-11-13,St. Kitts and Nevis,Haiti,0,2,0,0
2016-11-13,Switzerland,Faroe Islands,2,0,0,0
2016-11-14,Laos,Brunei,3,2,1,0
2016-11-15,Argentina,Colombia,3,0,0,0
2016-11-15,Bolivia,Paraguay,1,0,0,0
2016-11-15,Chile,Uruguay,3,1,0,0
2016-11-15,China,Qatar,0,0,0,0
2016-11-15,Costa Rica,USA,4,0,0,0
2016-11-15,Ecuador,Venezuela,3,0,0,0
2016-11-15,Honduras,Trinidad and Tobago,3,1,0,0
2016-11-15,Japan,Saudi Arabia,2,1,0,0
2016-11-15,Korea Republic,Uzbekistan,2,1,0,0
2016-11-15,Nepal,Macau,1,0,1,0
2016-11-15,New Caledonia,New Zealand,0,0,0,0
2016-11-15,Panama,Mexico,0,0,0,0
2016-11-15,Peru,Brazil,0,2,0,0
2016-11-15,Syria,Iran,0,0,1,0
2016-11-15,Thailand,Australia,2,2,0,0
2016-11-15,United Arab Emirates,Iraq,2,0,0,0
2016-11-19,Philippines,Singapore,0,0,0,0
2016-11-19,Thailand,Indonesia,4,2,1,0
2016-11-20,Burma,Vietnam,1,2,0,0
2016-11-20,Malaysia,Cambodia,3,2,1,0
2016-11-22,Philippines,Indonesia,2,2,0,0
2016-11-22,Thailand,Singapore,1,0,1,0
2016-11-23,Burma,Cambodia,3,1,0,0
2016-11-23,Malaysia,Vietnam,0,1,1,0
2016-11-25,Philippines,Thailand,0,1,0,0
2016-11-25,Singapore,Indonesia,1,2,1,0
2016-11-26,Burma,Malaysia,1,0,0,0
2016-11-26,Vietnam,Cambodia,2,1,1,0
2016-12-03,Indonesia,Vietnam,2,1,0,0
2016-12-04,Burma,Thailand,0,2,0,0
2016-12-07,Vietnam,Indonesia,2,2,0,0
2016-12-08,Thailand,Burma,4,0,0,0
2016-12-14,Indonesia,Thailand,2,1,0,0
2016-12-17,Thailand,Indonesia,2,0,0,0
2017-01-04,Trinidad and Tobago,Suriname,1,2,0,0
2017-01-04,Tunisia,Uganda,2,0,0,0
2017-01-05,Cameroon,Congo DR,2,0,0,0
2017-01-06,Suriname,Haiti,2,4,1,0
2017-01-07,Algeria,Mauritania,3,1,0,0
2017-01-07,Burkina Faso,Mali,2,1,1,0
2017-01-08,Egypt,Tunisia,1,0,0,0
2017-01-08,Ivory Coast,Sweden,2,1,1,0
2017-01-08,Libya,Senegal,1,2,1,0
2017-01-08,Trinidad and Tobago,Haiti,3,4,0,0
2017-01-09,Morocco,Finland,0,1,1,0
2017-01-10,Algeria,Mauritania,6,0,0,0
2017-01-10,Cameroon,Zimbabwe,1,1,0,0
2017-01-10,China,Iceland,0,2,0,0
2017-01-11,Chile,Croatia,1,1,1,0
2017-01-11,Congo,Senegal,0,2,0,0
2017-01-11,Ivory Coast,Uganda,3,0,1,0
2017-01-13,Honduras,Nicaragua,2,1,1,0
2017-01-14,Burkina Faso,Cameroon,1,1,1,0
2017-01-14,Cambodia,Saudi Arabia,2,7,1,0
2017-01-14,China,Croatia,1,1,0,0
2017-01-14,Gabon,Guinea-Bissau,1,1,0,0
2017-01-15,Algeria,Zimbabwe,2,2,1,0
2017-01-15,Belize,Costa Rica,0,3,1,0
2017-01-15,El Salvador,Honduras,1,2,1,0
2017-01-15,Iceland,Chile,0,1,1,0
2017-01-15,Tunisia,Senegal,0,2,1,0
2017-01-16,Congo DR,Morocco,1,0,1,0
2017-01-16,Ivory Coast,Togo,0,0,1,0
2017-01-17,El Salvador,Belize,3,1,1,0
2017-01-17,Ghana,Uganda,1,0,1,0
2017-01-17,Mali,Egypt,0,0,1,0
2017-01-17,Qatar,Moldova,1,1,0,0
2017-01-18,Cameroon,Guinea-Bissau,2,1,1,0
2017-01-18,Gabon,Burkina Faso,1,1,0,0
2017-01-19,Algeria,Tunisia,1,2,1,0
2017-01-19,Senegal,Zimbabwe,2,0,1,0
2017-01-20,Ivory Coast,Congo DR,2,2,1,0
2017-01-20,Morocco,Togo,3,1,1,0
2017-01-20,Nicaragua,Belize,3,1,1,0
2017-01-21,Egypt,Uganda,1,0,1,0
2017-01-21,Ghana,Mali,1,0,1,0
2017-01-22,Belize,Honduras,0,1,1,0
2017-01-22,Bermuda,Canada,2,4,0,0
2017-01-22,El Salvador,Nicaragua,1,0,1,0
2017-01-22,Gabon,Cameroon,0,0,0,0
2017-01-22,Guinea-Bissau,Burkina Faso,0,2,1,0
2017-01-22,Panama,Costa Rica,1,0,0,0
2017-01-23,Senegal,Algeria,2,2,1,0
2017-01-23,Uzbekistan,Georgia,2,2,1,0
2017-01-23,Zimbabwe,Tunisia,2,4,1,0
2017-01-24,Morocco,Ivory Coast,1,0,1,0
2017-01-24,Togo,Congo DR,1,3,1,0
2017-01-25,Egypt,Ghana,1,0,1,0
2017-01-25,Jordan,Georgia,1,0,1,0
2017-01-25,Uganda,Mali,1,1,1,0
2017-01-26,Brazil,Colombia,1,0,0,0
2017-01-28,Burkina Faso,Tunisia,2,0,1,0
2017-01-28,Senegal,Cameroon,0,0,1,0
2017-01-29,Congo DR,Ghana,1,2,1,0
2017-01-29,Egypt,Morocco,1,0,1,0
2017-01-29,USA,Serbia,0,0,0,0
2017-02-01,Burkina Faso,Egypt,1,1,1,0
2017-02-02,Cameroon,Ghana,2,0,1,0
2017-02-04,Burkina Faso,Ghana,1,0,1,0
2017-02-05,Egypt,Cameroon,1,2,1,0
2017-02-08,Mexico,Iceland,1,0,1,0
2017-02-22,Ecuador,Honduras,3,1,0,0
2017-03-09,Qatar,Azerbaijan,1,2,0,0
2017-03-10,Trinidad and Tobago,Barbados,2,0,0,0
2017-03-11,Burundi,Djibouti,7,0,0,0
2017-03-13,Burundi,Djibouti,1,0,0,0
2017-03-16,Honduras,Nicaragua,2,0,0,0
2017-03-18,Iran,Iraq,0,1,0,0
2017-03-19,San Marino,Moldova,0,2,0,0
2017-03-21,Indonesia,Burma,1,3,0,0
2017-03-22,Cambodia,India,2,3,0,0
2017-03-22,Curaçao,El Salvador,1,1,0,0
2017-03-22,Cyprus,Kazakhstan,3,1,0,0
2017-03-22,Czech Republic,Lithuania,3,0,0,0
2017-03-22,Djibouti,South Sudan,2,0,0,0
2017-03-22,Germany,England,1,0,0,0
2017-03-22,Philippines,Malaysia,0,0,0,0
2017-03-22,São Tomé and Príncipe,Madagascar,0,1,0,0
2017-03-22,Scotland,Canada,1,1,0,0
2017-03-22,Vietnam,Taiwan,1,1,0,0
2017-03-22,Yemen,Palestine,0,1,1,0
2017-03-23,Afghanistan,Singapore,2,1,1,0
2017-03-23,Argentina,Chile,1,0,0,0
2017-03-23,Bahrain,Tajikistan,1,1,0,0
2017-03-23,China,Korea Republic,1,0,0,0
2017-03-23,Colombia,Bolivia,1,0,0,0
2017-03-23,Iraq,Australia,1,1,1,0
2017-03-23,Jordan,Hong Kong,4,0,0,0
2017-03-23,Kenya,Uganda,1,1,0,0
2017-03-23,Nigeria,Senegal,1,1,1,0
2017-03-23,Papua New Guinea,Tahiti,1,3,0,0
2017-03-23,Paraguay,Ecuador,2,1,0,0
2017-03-23,Qatar,Iran,0,1,0,0
2017-03-23,Syria,Uzbekistan,1,0,1,0
2017-03-23,Thailand,Saudi Arabia,0,3,0,0
2017-03-23,United Arab Emirates,Japan,0,2,0,0
2017-03-23,Uruguay,Brazil,1,4,0,0
2017-03-23,Venezuela,Peru,2,2,0,0
2017-03-24,Austria,Moldova,2,0,0,0
2017-03-24,Comoros,Mauritius,2,0,0,0
2017-03-24,Croatia,Ukraine,1,0,0,0
2017-03-24,Georgia,Serbia,1,2,0,0
2017-03-24,Guinea,Gabon,2,2,1,0
2017-03-24,Ireland,Wales,0,0,0,0
2017-03-24,Italy,Albania,2,0,0,0
2017-03-24,Kosovo,Iceland,1,2,1,0
2017-03-24,Libya,Togo,0,0,1,0
2017-03-24,Liechtenstein,Macedonia,0,3,0,0
2017-03-24,Mauritania,Benin,1,0,0,0
2017-03-24,Mexico,Costa Rica,2,0,0,0
2017-03-24,Morocco,Burkina Faso,2,0,0,0
2017-03-24,Russia,Ivory Coast,0,2,0,0
2017-03-24,Spain,Israel,4,1,0,0
2017-03-24,Trinidad and Tobago,Panama,1,0,0,0
2017-03-24,Tunisia,Cameroon,0,1,0,0
2017-03-24,Turkey,Finland,2,0,0,0
2017-03-24,USA,Honduras,6,0,0,0
2017-03-25,Andorra,Faroe Islands,0,0,0,0
2017-03-25,Belgium,Greece,1,1,0,0
2017-03-25,Bosnia-Herzegovina,Gibraltar,5,0,0,0
2017-03-25,Bulgaria,Netherlands,2,0,0,0
2017-03-25,Cyprus,Estonia,0,0,0,0
2017-03-25,Fiji,New Zealand,0,2,0,0
2017-03-25,Luxembourg,France,1,3,0,0
2017-03-25,Mozambique,Angola,2,0,0,0
2017-03-25,Portugal,Hungary,3,0,0,0
2017-03-25,South Africa,Guinea-Bissau,3,1,0,0
2017-03-25,Sweden,Belarus,4,0,0,0
2017-03-25,Switzerland,Latvia,1,0,0,0
2017-03-25,Tanzania,Botswana,2,0,0,0
2017-03-26,Armenia,Kazakhstan,2,0,0,0
2017-03-26,Azerbaijan,Germany,1,4,0,0
2017-03-26,Barbados,Martinique,2,1,0,0
2017-03-26,England,Lithuania,2,0,0,0
2017-03-26,Kenya,Congo DR,2,1,0,0
2017-03-26,Madagascar,São Tomé and Príncipe,3,2,0,0
2017-03-26,Malta,Slovakia,1,3,0,0
2017-03-26,Montenegro,Poland,1,2,0,0
2017-03-26,Northern Ireland,Norway,2,0,0,0
2017-03-26,Romania,Denmark,0,0,0,0
2017-03-26,San Marino,Czech Republic,0,6,0,0
2017-03-26,Scotland,Slovenia,1,0,0,0
2017-03-26,Zimbabwe,Zambia,0,0,0,0
2017-03-27,Central African Republic,Gambia,1,2,1,0
2017-03-27,Ivory Coast,Senegal,1,1,1,0
2017-03-27,Mauritania,Congo,2,1,0,0
2017-03-27,Turkey,Moldova,3,1,0,0
2017-03-28,Afghanistan,Vietnam,1,1,1,0
2017-03-28,Albania,Bosnia-Herzegovina,1,2,0,0
2017-03-28,Australia,United Arab Emirates,2,0,0,0
2017-03-28,Austria,Finland,1,1,0,0
2017-03-28,Bahrain,Singapore,0,0,0,0
2017-03-28,Bolivia,Argentina,2,0,0,0
2017-03-28,Brazil,Paraguay,3,0,0,0
2017-03-28,Burma,India,0,1,0,0
2017-03-28,Cameroon,Guinea,1,2,1,0
2017-03-28,Chile,Venezuela,3,1,0,0
2017-03-28,Ecuador,Colombia,0,2,0,0
2017-03-28,Egypt,Togo,3,0,0,0
2017-03-28,Estonia,Croatia,3,0,0,0
2017-03-28,France,Spain,0,2,0,0
2017-03-28,Georgia,Latvia,5,0,0,0
2017-03-28,Guyana,Martinique,0,0,0,0
2017-03-28,Honduras,Costa Rica,1,1,0,0
2017-03-28,Iran,China,1,0,0,0
2017-03-28,Ireland,Iceland,0,1,0,0
2017-03-28,Japan,Thailand,4,0,0,0
2017-03-28,Jordan,Cambodia,7,0,0,0
2017-03-28,Korea Republic,Syria,1,0,0,0
2017-03-28,Kyrgyzstan,Macau,1,0,0,0
2017-03-28,Lebanon,Hong Kong,2,0,0,0
2017-03-28,Luxembourg,Cape Verde,0,2,0,0
2017-03-28,Macedonia,Belarus,3,0,0,0
2017-03-28,Maldives,Palestine,0,3,0,0
2017-03-28,Mauritius,Comoros,1,1,0,0
2017-03-28,Morocco,Tunisia,1,0,0,0
2017-03-28,Mozambique,Lesotho,1,0,0,0
2017-03-28,Netherlands,Italy,1,2,0,0
2017-03-28,New Zealand,Fiji,2,0,0,0
2017-03-28,Oman,Bhutan,14,0,0,0
2017-03-28,Panama,USA,1,1,0,0
2017-03-28,Peru,Uruguay,2,1,0,0
2017-03-28,Philippines,Nepal,4,1,0,0
2017-03-28,Portugal,Sweden,2,3,0,0
2017-03-28,Russia,Belgium,3,3,0,0
2017-03-28,Saudi Arabia,Iraq,1,0,0,0
2017-03-28,South Africa,Angola,0,0,0,0
2017-03-28,South Sudan,Djibouti,6,0,0,0
2017-03-28,Tanzania,Burundi,2,1,0,0
2017-03-28,Trinidad and Tobago,Mexico,0,1,0,0
2017-03-28,Uzbekistan,Qatar,1,0,0,0
2017-03-28,Yemen,Tajikistan,2,1,1,0
2017-04-26,Martinique,Guadeloupe,4,1,0,0
2017-05-04,Burkina Faso,Benin,1,1,0,0
2017-05-07,St. Kitts and Nevis,Barbados,2,1,0,0
2017-05-11,Senegal,Mauritania,2,0,0,0
2017-05-13,Egypt,Libya,1,0,0,0
2017-05-17,Guadeloupe,Dominica,2,2,0,0
2017-05-21,Benin,Burkina Faso,2,2,0,0
2017-05-25,Fiji,Solomon Islands,1,1,0,0
2017-05-25,Ghana,Benin,1,1,0,0
2017-05-28,El Salvador,Honduras,2,2,1,0
2017-05-28,Fiji,Solomon Islands,1,0,0,0
2017-05-28,Mexico,Croatia,1,2,1,0
2017-05-31,Italy,San Marino,8,0,0,0
2017-05-31,Ivory Coast,Benin,1,1,0,0
2017-05-31,Morocco,Netherlands,1,2,0,0
2017-06-01,Iraq,Jordan,1,0,0,0
2017-06-01,Mexico,Ireland,3,1,1,0
2017-06-01,Nigeria,Togo,3,0,1,0
2017-06-01,Switzerland,Belarus,1,0,0,0
2017-06-02,Chile,Burkina Faso,3,0,0,0
2017-06-02,France,Paraguay,5,0,0,0
2017-06-02,Nicaragua,Bolivia,0,1,0,0
2017-06-02,Northern Ireland,New Zealand,1,0,0,0
2017-06-02,Oman,Syria,1,1,0,0
2017-06-03,Ethiopia,Uganda,0,0,0,0
2017-06-03,Portugal,Cyprus,4,0,0,0
2017-06-03,USA,Venezuela,1,1,0,0
2017-06-04,Armenia,St. Kitts and Nevis,5,0,0,0
2017-06-04,Gabon,Zambia,0,0,0,0
2017-06-04,Ireland,Uruguay,3,1,0,0
2017-06-04,Lesotho,Mauritania,1,0,1,0
2017-06-04,Luxembourg,Albania,2,1,0,0
2017-06-04,Montenegro,Iran,1,2,0,0
2017-06-04,Netherlands,Ivory Coast,5,0,0,0
2017-06-04,Togo,Comoros,2,0,1,0
2017-06-04,Northern Cyprus,Kárpátalja,1,0,0,0
2017-06-05,Belgium,Czech Republic,2,1,0,0
2017-06-05,Congo DR,Botswana,2,0,1,0
2017-06-05,Egypt,Libya,1,0,0,0
2017-06-05,Hungary,Russia,0,3,0,0
2017-06-05,Macedonia,Turkey,0,0,0,0
2017-06-05,Senegal,Uganda,0,0,0,0
2017-06-05,Abkhazia,South Ossetia,2,1,1,0
2017-06-05,Padania,Ellan Vannin,1,0,1,0
2017-06-05,Felvidék,Székely Land,1,0,1,0
2017-06-06,Afghanistan,Maldives,2,1,1,0
2017-06-06,Algeria,Guinea,2,1,0,0
2017-06-06,Bahrain,Palestine,0,2,0,0
2017-06-06,Denmark,Germany,1,1,0,0
2017-06-06,India,Nepal,2,0,0,0
2017-06-06,Israel,Moldova,1,1,0,0
2017-06-06,Malta,Ukraine,1,0,1,0
2017-06-06,Qatar,Korea DPR,2,2,0,0
2017-06-06,Uzbekistan,Thailand,2,0,0,0
2017-06-06,Northern Cyprus,South Ossetia,8,0,0,0
2017-06-06,Kárpátalja,Abkhazia,2,2,1,0
2017-06-06,Székely Land,Padania,1,1,1,0
2017-06-06,Ellan Vannin,Felvidék,1,0,1,0
2017-06-07,Bolivia,Nicaragua,3,2,0,0
2017-06-07,China,Philippines,8,1,0,0
2017-06-07,Fiji,New Caledonia,2,2,0,0
2017-06-07,Finland,Liechtenstein,1,1,0,0
2017-06-07,Georgia,St. Kitts and Nevis,3,0,0,0
2017-06-07,Hong Kong,Jordan,0,0,0,0
2017-06-07,Iraq,Korea Republic,0,0,1,0
2017-06-07,Italy,Uruguay,3,0,1,0
2017-06-07,Japan,Syria,1,1,0,0
2017-06-07,Spain,Colombia,2,2,0,0
2017-06-07,United Arab Emirates,Laos,4,0,1,0
2017-06-07,Northern Cyprus,Abkhazia,0,0,0,0
2017-06-07,South Ossetia,Kárpátalja,1,4,1,0
2017-06-07,Ellan Vannin,Székely Land,2,4,1,0
2017-06-07,Padania,Felvidék,2,0,1,0
2017-06-08,Australia,Saudi Arabia,3,2,0,0
2017-06-08,Cambodia,Indonesia,0,2,0,0
2017-06-08,Costa Rica,Panama,0,0,0,0
2017-06-08,Ecuador,Venezuela,1,1,1,0
2017-06-08,Mexico,Honduras,3,0,0,0
2017-06-08,Peru,Paraguay,1,0,0,0
2017-06-08,USA,Trinidad and Tobago,2,0,0,0
2017-06-09,Andorra,Hungary,1,0,0,0
2017-06-09,Argentina,Brazil,1,0,1,0
2017-06-09,Belarus,Bulgaria,2,1,0,0
2017-06-09,Bosnia-Herzegovina,Greece,0,0,0,0
2017-06-09,Estonia,Belgium,0,2,0,0
2017-06-09,Faroe Islands,Switzerland,0,2,0,0
2017-06-09,Gibraltar,Cyprus,1,2,1,0
2017-06-09,Latvia,Portugal,0,3,0,0
2017-06-09,Libya,Seychelles,5,1,1,0
2017-06-09,Netherlands,Luxembourg,5,0,0,0
2017-06-09,Russia,Chile,1,1,0,0
2017-06-09,Solomon Islands,Papua New Guinea,3,2,0,0
2017-06-09,Sudan,Madagascar,1,3,0,0
2017-06-09,Sweden,France,2,1,0,0
2017-06-09,South Ossetia,Felvidék,0,2,1,0
2017-06-09,Kárpátalja,Ellan Vannin,3,3,1,0
2017-06-09,Northern Cyprus,Székely Land,2,1,0,0
2017-06-09,Padania,Abkhazia,0,0,1,0
2017-06-10,Azerbaijan,Northern Ireland,0,1,0,0
2017-06-10,Burkina Faso,Angola,3,1,0,0
2017-06-10,Burundi,South Sudan,3,0,0,0
2017-06-10,Cameroon,Morocco,1,0,0,0
2017-06-10,Congo DR,Congo,3,1,0,0
2017-06-10,Germany,San Marino,7,0,0,0
2017-06-10,Grenada,Bermuda,1,2,0,0
2017-06-10,Guinea-Bissau,Namibia,1,0,0,0
2017-06-10,Ivory Coast,Guinea,2,3,0,0
2017-06-10,Kazakhstan,Denmark,1,3,0,0
2017-06-10,Lithuania,Slovakia,1,2,0,0
2017-06-10,Malawi,Comoros,1,0,0,0
2017-06-10,Mali,Gabon,2,1,0,0
2017-06-10,Montenegro,Armenia,4,1,0,0
2017-06-10,Niger,Swaziland,0,0,0,0
2017-06-10,Nigeria,South Africa,0,2,0,0
2017-06-10,Norway,Czech Republic,1,1,0,0
2017-06-10,Poland,Romania,3,1,0,0
2017-06-10,Scotland,England,2,2,0,0
2017-06-10,Senegal,Equatorial Guinea,3,0,0,0
2017-06-10,Sierra Leone,Kenya,2,1,0,0
2017-06-10,Singapore,Taiwan,1,2,0,0
2017-06-10,Slovenia,Malta,2,0,0,0
2017-06-10,Tanzania,Lesotho,1,1,0,0
2017-06-10,Zambia,Mozambique,0,1,0,0
2017-06-10,Székely Land,Abkhazia,3,1,1,0
2017-06-10,Northern Cyprus,Padania,1,1,0,0
2017-06-11,Algeria,Togo,1,0,0,0
2017-06-11,Benin,Gambia,1,0,0,0
2017-06-11,Cape Verde,Uganda,0,1,0,0
2017-06-11,Central African Republic,Rwanda,2,1,0,0
2017-06-11,Finland,Ukraine,1,2,0,0
2017-06-11,Ghana,Ethiopia,5,0,0,0
2017-06-11,Iceland,Croatia,1,0,0,0
2017-06-11,Ireland,Austria,1,1,0,0
2017-06-11,Israel,Albania,0,3,0,0
2017-06-11,Italy,Liechtenstein,5,0,0,0
2017-06-11,Kosovo,Turkey,1,4,1,0
2017-06-11,Macedonia,Spain,1,2,0,0
2017-06-11,Mexico,USA,1,1,0,0
2017-06-11,Moldova,Georgia,2,2,0,0
2017-06-11,New Caledonia,Fiji,2,1,0,0
2017-06-11,Serbia,Wales,1,1,0,0
2017-06-11,Zimbabwe,Liberia,3,0,0,0
2017-06-12,Belarus,New Zealand,1,0,0,0
2017-06-12,Iran,Uzbekistan,2,0,0,0
2017-06-12,Latvia,Estonia,1,2,0,0
2017-06-13,Australia,Brazil,0,4,0,0
2017-06-13,Bhutan,Maldives,0,2,0,0
2017-06-13,Cambodia,Afghanistan,1,0,0,0
2017-06-13,Cameroon,Colombia,0,4,1,0
2017-06-13,Canada,Curaçao,2,1,0,0
2017-06-13,Costa Rica,Trinidad and Tobago,2,1,0,0
2017-06-13,El Salvador,Ecuador,0,3,1,0
2017-06-13,France,England,3,2,0,0
2017-06-13,Hong Kong,Korea DPR,1,1,0,0
2017-06-13,India,Kyrgyzstan,1,0,0,0
2017-06-13,Indonesia,Puerto Rico,0,0,0,0
2017-06-13,Iraq,Japan,1,1,1,0
2017-06-13,Macau,Burma,0,4,0,0
2017-06-13,Malaysia,Lebanon,1,2,0,0
2017-06-13,Nepal,Yemen,0,0,0,0
2017-06-13,Norway,Sweden,1,1,0,0
2017-06-13,Palestine,Oman,2,1,0,0
2017-06-13,Panama,Honduras,2,2,0,0
2017-06-13,Papua New Guinea,Solomon Islands,1,2,0,0
2017-06-13,Qatar,Korea Republic,3,2,0,0
2017-06-13,Romania,Chile,3,2,0,0
2017-06-13,Singapore,Argentina,0,6,0,0
2017-06-13,South Africa,Zambia,1,2,0,0
2017-06-13,Syria,China,2,2,1,0
2017-06-13,Tajikistan,Philippines,3,4,0,0
2017-06-13,Thailand,United Arab Emirates,1,1,0,0
2017-06-13,Turkmenistan,Bahrain,1,2,0,0
2017-06-13,Vietnam,Jordan,0,0,0,0
2017-06-17,Curaçao,Nicaragua,0,0,0,0
2017-06-17,French Guyana,Barbados,3,0,0,0
2017-06-17,Russia,New Zealand,2,0,0,0
2017-06-18,Cameroon,Chile,0,2,1,0
2017-06-18,Portugal,Mexico,2,2,1,0
2017-06-19,Australia,Germany,2,3,1,0
2017-06-21,Mexico,New Zealand,2,1,1,0
2017-06-21,Russia,Portugal,0,1,0,0
2017-06-22,Cameroon,Australia,1,1,1,0
2017-06-22,Germany,Chile,1,1,1,0
2017-06-22,Jamaica,French Guyana,1,1,1,0
2017-06-22,Martinique,Curaçao,1,2,0,0
2017-06-24,New Zealand,Portugal,0,4,1,0
2017-06-24,Russia,Mexico,1,2,0,0
2017-06-25,Chile,Australia,1,1,1,0
2017-06-25,Germany,Cameroon,3,1,1,0
2017-06-25,Jamaica,Curaçao,1,2,1,0
2017-06-25,Martinique,French Guyana,0,1,0,0
2017-06-25,Mauritius,Angola,0,1,1,0
2017-06-25,Tanzania,Malawi,2,0,1,0
2017-06-25,Menorca,Orkney,1,0,1,0
2017-06-25,Alderney,Jersey,0,3,1,0
2017-06-25,Gotland,Frøya,7,1,1,0
2017-06-25,Western Isles,Greenland,0,3,1,0
2017-06-25,Guersney,Åland Islands,1,1,1,0
2017-06-25,Saare County,Shetland,4,5,1,0
2017-06-25,Isle of Man,Hitra,5,0,1,0
2017-06-25,Ynys Môn,Falkland Islands,3,0,1,0
2017-06-26,Madagascar,Seychelles,2,0,1,0
2017-06-26,Mozambique,Zimbabwe,0,4,1,0
2017-06-26,Jersey,Menorca,3,3,1,0
2017-06-26,Orkney,Alderney,3,0,1,0
2017-06-26,Gotland,Western Isles,8,0,1,0
2017-06-26,Frøya,Greenland,2,2,1,0
2017-06-26,Shetland,Guersney,0,3,1,0
2017-06-26,Åland Islands,Saare County,0,0,1,0
2017-06-26,Falkland Islands,Isle of Man,2,5,1,0
2017-06-26,Hitra,Ynys Môn,1,5,1,0
2017-06-27,Angola,Tanzania,0,0,1,0
2017-06-27,Malawi,Mauritius,0,0,1,0
2017-06-27,Menorca,Alderney,6,0,1,0
2017-06-27,Orkney,Jersey,0,3,1,0
2017-06-27,Gotland,Greenland,0,1,1,0
2017-06-27,Frøya,Western Isles,2,4,1,0
2017-06-27,Guersney,Saare County,1,1,1,0
2017-06-27,Åland Islands,Shetland,2,1,1,0
2017-06-27,Isle of Man,Ynys Môn,4,0,1,0
2017-06-27,Hitra,Falkland Islands,2,1,1,0
2017-06-28,Portugal,Chile,0,0,1,0
2017-06-28,Seychelles,Mozambique,1,2,1,0
2017-06-28,St. Lucia,St. Vincent and the Grenadines,2,1,1,0
2017-06-28,Zimbabwe,Madagascar,0,0,1,0
2017-06-29,Germany,Mexico,4,1,1,0
2017-06-29,Malawi,Angola,0,0,1,0
2017-06-29,Tanzania,Mauritius,1,1,1,0
2017-06-29,Falkland Islands,Alderney,0,3,1,0
2017-06-29,Saare County,Frøya,4,2,1,0
2017-06-29,Hitra,Western Isles,1,1,1,0
2017-06-29,Orkney,Shetland,3,1,1,0
2017-06-29,Ynys Môn,Åland Islands,0,2,1,0
2017-06-29,Gotland,Jersey,2,3,1,0
2017-06-29,Greenland,Menorca,1,1,1,0
2017-06-29,Guersney,Isle of Man,3,4,1,0
2017-06-30,Dominica,Barbados,2,1,1,0
2017-06-30,Mozambique,Madagascar,1,4,1,0
2017-06-30,Zimbabwe,Seychelles,6,0,1,0
2017-06-30,Menorca,Guersney,0,1,1,0
2017-06-30,Greenland,Isle of Man,0,6,1,0
2017-07-01,Botswana,Zambia,1,2,1,0
2017-07-01,Gambia,Guinea-Bissau,0,0,0,0
2017-07-01,Mexico,Paraguay,2,1,1,0
2017-07-01,Namibia,Lesotho,0,0,1,0
2017-07-01,USA,Ghana,2,1,0,0
2017-07-02,Chile,Germany,0,1,1,0
2017-07-02,Portugal,Mexico,2,1,1,0
2017-07-02,South Africa,Tanzania,0,1,0,0
2017-07-02,Swaziland,Zimbabwe,1,2,1,0
2017-07-03,Barbados,St. Lucia,1,1,1,0
2017-07-03,Grenada,St. Vincent and the Grenadines,4,3,0,0
2017-07-04,Namibia,Swaziland,1,0,1,0
2017-07-04,South Africa,Botswana,2,0,0,0
2017-07-04,St. Lucia,Dominica,0,0,1,0
2017-07-04,St. Vincent and the Grenadines,Barbados,4,2,1,0
2017-07-05,Lesotho,Zimbabwe,3,4,1,0
2017-07-05,Zambia,Tanzania,4,2,1,0
2017-07-06,Dominica,St. Vincent and the Grenadines,2,2,1,0
2017-07-06,Grenada,Barbados,0,2,0,0
2017-07-07,French Guyana,Canada,2,4,1,0
2017-07-07,Honduras,Costa Rica,0,1,1,0
2017-07-07,South Africa,Namibia,1,0,0,0
2017-07-07,Tanzania,Lesotho,0,0,1,0
2017-07-08,Guinea-Bissau,Gambia,0,1,0,0
2017-07-08,Martinique,Nicaragua,2,0,1,0
2017-07-08,USA,Panama,1,1,0,0
2017-07-09,Curaçao,Jamaica,0,2,1,0
2017-07-09,Mexico,El Salvador,3,1,1,0
2017-07-09,Zambia,Zimbabwe,1,3,1,0
2017-07-11,Costa Rica,Canada,1,1,1,0
2017-07-11,Honduras,French Guyana,0,0,1,0
2017-07-12,Panama,Nicaragua,2,1,1,0
2017-07-12,USA,Martinique,3,2,0,0
2017-07-13,El Salvador,Curaçao,2,0,1,0
2017-07-13,Mexico,Jamaica,0,0,1,0
2017-07-14,Canada,Honduras,0,0,1,0
2017-07-14,Costa Rica,French Guyana,3,0,1,0
2017-07-14,Thailand,Korea DPR,3,0,0,0
2017-07-15,Panama,Martinique,3,0,1,0
2017-07-15,USA,Nicaragua,3,0,0,0
2017-07-16,Burkina Faso,Korea DPR,3,3,1,0
2017-07-16,Curaçao,Mexico,0,2,1,0
2017-07-16,Jamaica,El Salvador,1,1,1,0
2017-07-19,Costa Rica,Panama,1,0,1,0
2017-07-19,USA,El Salvador,2,0,0,0
2017-07-20,Jamaica,Canada,2,1,1,0
2017-07-20,Mexico,Honduras,1,0,1,0
2017-07-22,USA,Costa Rica,2,0,0,0
2017-07-23,Mexico,Jamaica,0,1,1,0
2017-07-26,Ecuador,Trinidad and Tobago,3,1,0,0
2017-07-26,USA,Jamaica,2,1,0,0
2017-08-05,Zambia,Ethiopia,0,0,0,0
2017-08-07,Rwanda,Sudan,2,1,0,0
2017-08-16,Andorra,Qatar,0,1,1,0
2017-08-19,India,Mauritius,2,1,0,0
2017-08-22,Malaysia,Syria,1,2,0,0
2017-08-22,Mauritius,St. Kitts and Nevis,1,1,1,0
2017-08-23,Qatar,Turkmenistan,2,1,0,0
2017-08-24,India,St. Kitts and Nevis,1,1,0,0
2017-08-24,Trinidad and Tobago,Jamaica,1,2,0,0
2017-08-26,Iraq,Syria,1,1,1,0
2017-08-29,Bahrain,Jordan,0,0,0,0
2017-08-29,Burma,Malaysia,1,0,0,0
2017-08-29,United Arab Emirates,Saudi Arabia,2,1,0,0
2017-08-30,Oman,Afghanistan,2,0,0,0
2017-08-31,Belgium,Gibraltar,9,0,0,0
2017-08-31,Brazil,Ecuador,2,0,0,0
2017-08-31,Bulgaria,Sweden,3,2,0,0
2017-08-31,Chile,Paraguay,0,3,0,0
2017-08-31,China,Uzbekistan,1,0,0,0
2017-08-31,Cyprus,Bosnia-Herzegovina,3,2,0,0
2017-08-31,France,Netherlands,4,0,0,0
2017-08-31,Greece,Estonia,0,0,0,0
2017-08-31,Guinea,Libya,3,2,0,0
2017-08-31,Hungary,Latvia,3,1,0,0
2017-08-31,Japan,Australia,2,0,0,0
2017-08-31,Kenya,Mauritania,1,1,1,0
2017-08-31,Korea Republic,Iran,0,0,0,0
2017-08-31,Luxembourg,Belarus,1,0,0,0
2017-08-31,Niger,Togo,0,2,1,0
2017-08-31,Peru,Bolivia,2,1,0,0
2017-08-31,Portugal,Faroe Islands,5,1,0,0
2017-08-31,Singapore,Hong Kong,1,1,0,0
2017-08-31,Switzerland,Andorra,3,0,0,0
2017-08-31,Syria,Qatar,3,1,1,0
2017-08-31,Thailand,Iraq,1,2,0,0
2017-08-31,Uganda,Egypt,1,0,0,0
2017-08-31,Uruguay,Argentina,0,0,0,0
2017-08-31,Venezuela,Colombia,0,0,0,0
2017-09-01,Cape Verde,South Africa,2,1,0,0
2017-09-01,Czech Republic,Germany,1,2,0,0
2017-09-01,Denmark,Poland,4,0,0,0
2017-09-01,Ghana,Congo,1,1,0,0
2017-09-01,Kazakhstan,Montenegro,0,3,0,0
2017-09-01,Lithuania,Scotland,0,3,0,0
2017-09-01,Malta,England,0,4,0,0
2017-09-01,Mexico,Panama,1,0,0,0
2017-09-01,Morocco,Mali,6,0,0,0
2017-09-01,New Zealand,Solomon Islands,6,1,0,0
2017-09-01,Nigeria,Cameroon,4,0,0,0
2017-09-01,Norway,Azerbaijan,2,0,0,0
2017-09-01,Romania,Armenia,1,0,0,0
2017-09-01,San Marino,Northern Ireland,0,3,0,0
2017-09-01,Slovakia,Slovenia,1,0,0,0
2017-09-01,Trinidad and Tobago,Honduras,1,2,0,0
2017-09-01,Tunisia,Congo DR,2,1,0,0
2017-09-01,USA,Costa Rica,0,2,0,0
2017-09-02,Albania,Liechtenstein,2,0,0,0
2017-09-02,Canada,Jamaica,2,0,0,0
2017-09-02,Croatia,Kosovo,1,0,0,0
2017-09-02,Finland,Iceland,1,0,0,0
2017-09-02,Gabon,Ivory Coast,0,3,0,0
2017-09-02,Georgia,Ireland,1,1,0,0
2017-09-02,Indonesia,Fiji,0,0,0,0
2017-09-02,Israel,Macedonia,0,1,0,0
2017-09-02,Mozambique,Kenya,1,1,0,0
2017-09-02,Senegal,Burkina Faso,0,0,0,0
2017-09-02,Serbia,Moldova,3,0,0,0
2017-09-02,Spain,Italy,3,0,0,0
2017-09-02,Ukraine,Turkey,2,0,0,0
2017-09-02,Wales,Austria,1,0,0,0
2017-09-02,Zambia,Algeria,3,1,0,0
2017-09-03,Belarus,Sweden,0,4,0,0
2017-09-03,Equatorial Guinea,Benin,1,2,0,0
2017-09-03,Estonia,Cyprus,1,0,0,0
2017-09-03,Faroe Islands,Andorra,1,0,0,0
2017-09-03,France,Luxembourg,0,0,0,0
2017-09-03,Gibraltar,Bosnia-Herzegovina,0,4,1,0
2017-09-03,Greece,Belgium,1,2,0,0
2017-09-03,Hungary,Portugal,0,1,0,0
2017-09-03,Latvia,Switzerland,0,3,0,0
2017-09-03,Netherlands,Bulgaria,3,1,0,0
2017-09-04,Armenia,Denmark,1,4,0,0
2017-09-04,Azerbaijan,San Marino,5,1,0,0
2017-09-04,Cameroon,Nigeria,1,1,0,0
2017-09-04,England,Slovakia,2,1,0,0
2017-09-04,Germany,Norway,6,0,0,0
2017-09-04,Libya,Guinea,1,0,1,0
2017-09-04,Malawi,Togo,1,0,1,0
2017-09-04,Montenegro,Romania,1,0,0,0
2017-09-04,Northern Ireland,Czech Republic,2,0,0,0
2017-09-04,Poland,Kazakhstan,3,0,0,0
2017-09-04,Scotland,Malta,2,0,0,0
2017-09-04,Slovenia,Lithuania,4,0,0,0
2017-09-05,Algeria,Zambia,0,1,0,0
2017-09-05,Argentina,Venezuela,1,1,0,0
2017-09-05,Australia,Thailand,2,1,0,0
2017-09-05,Austria,Georgia,1,1,0,0
2017-09-05,Bahrain,Taiwan,5,0,0,0
2017-09-05,Bhutan,Palestine,0,2,0,0
2017-09-05,Bolivia,Chile,1,0,0,0
2017-09-05,Burkina Faso,Senegal,2,2,0,0
2017-09-05,Cambodia,Vietnam,1,2,0,0
2017-09-05,Colombia,Brazil,1,1,0,0
2017-09-05,Congo,Ghana,1,5,0,0
2017-09-05,Congo DR,Tunisia,2,2,0,0
2017-09-05,Costa Rica,Mexico,1,1,0,0
2017-09-05,Ecuador,Peru,0,2,0,0
2017-09-05,Egypt,Uganda,1,0,0,0
2017-09-05,Honduras,USA,1,1,0,0
2017-09-05,Iceland,Ukraine,2,0,0,0
2017-09-05,Iran,Syria,2,2,0,0
2017-09-05,Iraq,United Arab Emirates,1,0,1,0
2017-09-05,Ireland,Serbia,0,1,0,0
2017-09-05,Italy,Israel,1,0,0,0
2017-09-05,Ivory Coast,Gabon,1,2,0,0
2017-09-05,Jordan,Afghanistan,4,1,0,0
2017-09-05,Korea DPR,Lebanon,2,2,0,0
2017-09-05,Kosovo,Finland,0,1,1,0
2017-09-05,Liechtenstein,Spain,0,8,0,0
2017-09-05,Macau,India,0,2,0,0
2017-09-05,Macedonia,Albania,1,1,0,0
2017-09-05,Malaysia,Hong Kong,1,1,0,0
2017-09-05,Mali,Morocco,0,0,0,0
2017-09-05,Mauritania,Niger,0,2,1,0
2017-09-05,Moldova,Wales,0,2,0,0
2017-09-05,Nepal,Tajikistan,1,2,0,0
2017-09-05,Oman,Maldives,5,0,0,0
2017-09-05,Panama,Trinidad and Tobago,3,0,0,0
2017-09-05,Paraguay,Uruguay,1,2,0,0
2017-09-05,Philippines,Yemen,2,2,0,0
2017-09-05,Qatar,China,1,2,0,0
2017-09-05,Saudi Arabia,Japan,1,0,0,0
2017-09-05,Singapore,Turkmenistan,1,1,0,0
2017-09-05,Solomon Islands,New Zealand,2,2,0,0
2017-09-05,South Africa,Cape Verde,1,2,0,0
2017-09-05,Turkey,Croatia,1,0,0,0
2017-09-05,Uzbekistan,Korea Republic,0,0,0,0
2017-10-02,Macau,Laos,3,1,0,0
2017-10-05,Argentina,Peru,0,0,0,0
2017-10-05,Armenia,Poland,1,6,0,0
2017-10-05,Azerbaijan,Czech Republic,1,2,0,0
2017-10-05,Bolivia,Brazil,0,0,0,0
2017-10-05,Burma,Thailand,1,3,0,0
2017-10-05,Chile,Ecuador,2,1,0,0
2017-10-05,Colombia,Paraguay,1,2,0,0
2017-10-05,England,Slovenia,1,0,0,0
2017-10-05,Hong Kong,Laos,4,0,0,0
2017-10-05,Iran,Togo,2,0,0,0
2017-10-05,Iraq,Kenya,2,1,0,0
2017-10-05,Malta,Lithuania,1,1,0,0
2017-10-05,Montenegro,Denmark,0,1,0,0
2017-10-05,Northern Ireland,Germany,1,3,0,0
2017-10-05,Qatar,Singapore,3,1,0,0
2017-10-05,Romania,Kazakhstan,3,1,0,0
2017-10-05,San Marino,Norway,0,8,0,0
2017-10-05,Scotland,Slovakia,1,0,0,0
2017-10-05,Syria,Australia,1,1,1,0
2017-10-05,Taiwan,Mongolia,4,2,0,0
2017-10-05,Venezuela,Uruguay,0,0,0,0
2017-10-06,Austria,Serbia,3,2,0,0
2017-10-06,Croatia,Finland,1,1,0,0
2017-10-06,Georgia,Wales,0,1,0,0
2017-10-06,Ireland,Moldova,2,0,0,0
2017-10-06,Italy,Macedonia,1,1,0,0
2017-10-06,Japan,New Zealand,2,1,0,0
2017-10-06,Kosovo,Ukraine,0,2,1,0
2017-10-06,Liechtenstein,Israel,0,1,0,0
2017-10-06,Mali,Ivory Coast,0,0,0,0
2017-10-06,Mauritania,Comoros,0,1,1,0
2017-10-06,Mexico,Trinidad and Tobago,3,1,0,0
2017-10-06,Spain,Albania,3,0,0,0
2017-10-06,Turkey,Iceland,0,3,0,0
2017-10-06,USA,Panama,4,0,0,0
2017-10-07,Andorra,Portugal,0,2,0,0
2017-10-07,Belarus,Netherlands,1,3,0,0
2017-10-07,Bosnia-Herzegovina,Belgium,3,4,0,0
2017-10-07,Bulgaria,France,0,1,0,0
2017-10-07,Cameroon,Algeria,2,0,0,0
2017-10-07,Cape Verde,Senegal,0,2,0,0
2017-10-07,Costa Rica,Honduras,1,1,0,0
2017-10-07,Cyprus,Greece,1,2,0,0
2017-10-07,Faroe Islands,Latvia,0,0,0,0
2017-10-07,Gibraltar,Estonia,0,6,1,0
2017-10-07,Grenada,Guyana,1,0,0,0
2017-10-07,Guinea,Tunisia,1,4,0,0
2017-10-07,Libya,Congo DR,1,2,1,0
2017-10-07,Morocco,Gabon,3,0,0,0
2017-10-07,Nigeria,Zambia,1,0,0,0
2017-10-07,Russia,Korea Republic,4,2,0,0
2017-10-07,Saudi Arabia,Jamaica,5,2,0,0
2017-10-07,South Africa,Burkina Faso,3,1,0,0
2017-10-07,Sweden,Luxembourg,8,0,0,0
2017-10-07,Switzerland,Hungary,5,2,0,0
2017-10-07,Tanzania,Malawi,1,1,0,0
2017-10-07,Uganda,Ghana,0,0,0,0
2017-10-08,Czech Republic,San Marino,5,0,0,0
2017-10-08,Denmark,Romania,1,1,0,0
2017-10-08,Egypt,Congo,2,1,0,0
2017-10-08,El Salvador,Canada,1,0,1,0
2017-10-08,Germany,Azerbaijan,5,1,0,0
2017-10-08,Kazakhstan,Armenia,1,1,0,0
2017-10-08,Lithuania,England,0,1,0,0
2017-10-08,Norway,Northern Ireland,1,0,0,0
2017-10-08,Poland,Montenegro,4,2,0,0
2017-10-08,Slovakia,Malta,3,0,0,0
2017-10-08,Slovenia,Scotland,2,2,0,0
2017-10-08,Thailand,Kenya,1,0,0,0
2017-10-09,Albania,Italy,0,1,0,0
2017-10-09,Equatorial Guinea,Mauritius,3,1,0,0
2017-10-09,Finland,Turkey,2,2,0,0
2017-10-09,Iceland,Kosovo,2,0,0,0
2017-10-09,Israel,Spain,0,1,0,0
2017-10-09,Macedonia,Liechtenstein,4,0,0,0
2017-10-09,Moldova,Austria,0,1,0,0
2017-10-09,Serbia,Georgia,1,0,0,0
2017-10-09,Ukraine,Croatia,0,2,0,0
2017-10-09,Wales,Ireland,0,1,0,0
2017-10-10,Afghanistan,Jordan,3,3,1,0
2017-10-10,Australia,Syria,2,1,0,0
2017-10-10,Belgium,Cyprus,4,0,0,0
2017-10-10,Benin,Gabon,1,0,1,0
2017-10-10,Brazil,Chile,3,0,0,0
2017-10-10,Burma,Kyrgyzstan,2,2,0,0
2017-10-10,Ecuador,Argentina,1,3,0,0
2017-10-10,Estonia,Bosnia-Herzegovina,1,2,0,0
2017-10-10,France,Belarus,2,1,0,0
2017-10-10,Greece,Gibraltar,4,0,0,0
2017-10-10,Honduras,Mexico,3,2,0,0
2017-10-10,Hong Kong,Malaysia,2,0,0,0
2017-10-10,Hungary,Faroe Islands,1,0,0,0
2017-10-10,Japan,Haiti,3,3,0,0
2017-10-10,Korea Republic,Morocco,1,3,1,0
2017-10-10,Latvia,Andorra,4,0,0,0
2017-10-10,Lebanon,Korea DPR,5,0,0,0
2017-10-10,Luxembourg,Bulgaria,1,1,0,0
2017-10-10,Maldives,Oman,1,3,0,0
2017-10-10,Netherlands,Sweden,2,0,0,0
2017-10-10,Palestine,Bhutan,10,0,0,0
2017-10-10,Panama,Costa Rica,2,1,0,0
2017-10-10,Paraguay,Venezuela,0,1,0,0
2017-10-10,Peru,Colombia,1,1,0,0
2017-10-10,Portugal,Switzerland,2,0,0,0
2017-10-10,Qatar,Curaçao,1,2,0,0
2017-10-10,Russia,Iran,1,1,0,0
2017-10-10,Saudi Arabia,Ghana,0,3,0,0
2017-10-10,Taiwan,Bahrain,2,1,0,0
2017-10-10,Tajikistan,Nepal,3,0,0,0
2017-10-10,Trinidad and Tobago,USA,2,1,0,0
2017-10-10,Turkmenistan,Singapore,2,1,0,0
2017-10-10,Uruguay,Bolivia,4,2,0,0
2017-10-10,Vietnam,Cambodia,5,0,0,0
2017-10-10,Yemen,Philippines,1,1,1,0
2017-10-11,India,Macau,4,1,0,0
2017-10-24,Grenada,Panama,0,5,0,0
2017-10-28,Bermuda,Barbados,2,3,0,0
2017-11-08,Congo,Benin,1,1,0,0
2017-11-08,Iceland,Czech Republic,1,2,1,0
2017-11-08,Nicaragua,Dominican Republic,0,3,0,0
2017-11-09,Armenia,Belarus,4,1,0,0
2017-11-09,Cambodia,Burma,1,2,0,0
2017-11-09,Croatia,Greece,4,1,0,0
2017-11-09,Finland,Estonia,3,0,0,0
2017-11-09,Hong Kong,Bahrain,0,2,0,0
2017-11-09,Iran,Panama,2,1,1,0
2017-11-09,Luxembourg,Hungary,2,1,0,0
2017-11-09,Northern Ireland,Switzerland,0,1,0,0
2017-11-09,Romania,Turkey,2,0,0,0
2017-11-09,Scotland,Netherlands,0,1,0,0
2017-11-09,Singapore,Lebanon,0,1,0,0
2017-11-10,Algeria,Nigeria,3,0,0,0
2017-11-10,Belgium,Mexico,3,3,0,0
2017-11-10,China,Serbia,0,2,0,0
2017-11-10,England,Germany,0,0,0,0
2017-11-10,France,Wales,2,0,0,0
2017-11-10,Georgia,Cyprus,1,0,0,0
2017-11-10,Honduras,Australia,0,0,0,0
2017-11-10,Japan,Brazil,1,3,1,0
2017-11-10,Korea DPR,Malaysia,4,1,1,0
2017-11-10,Korea Republic,Colombia,2,1,0,0
2017-11-10,Poland,Uruguay,0,0,0,0
2017-11-10,Portugal,Saudi Arabia,3,0,0,0
2017-11-10,South Africa,Senegal,0,2,0,0
2017-11-10,Sweden,Italy,1,0,0,0
2017-11-10,Ukraine,Slovakia,2,1,0,0
2017-11-11,Comoros,Madagascar,1,1,1,0
2017-11-11,Congo DR,Guinea,3,1,0,0
2017-11-11,Denmark,Ireland,0,0,0,0
2017-11-11,Dominican Republic,Nicaragua,1,0,0,0
2017-11-11,Gabon,Mali,0,0,0,0
2017-11-11,Ivory Coast,Morocco,0,2,0,0
2017-11-11,Macedonia,Norway,2,0,0,0
2017-11-11,Malawi,Lesotho,1,1,0,0
2017-11-11,Namibia,Zimbabwe,3,1,0,0
2017-11-11,New Zealand,Peru,0,0,0,0
2017-11-11,Qatar,Czech Republic,0,1,0,0
2017-11-11,Russia,Argentina,0,1,0,0
2017-11-11,Spain,Costa Rica,5,0,0,0
2017-11-11,Trinidad and Tobago,Grenada,2,2,0,0
2017-11-11,Tunisia,Libya,0,0,0,0
2017-11-11,Zambia,Cameroon,2,2,0,0
2017-11-12,Benin,Tanzania,1,1,0,0
2017-11-12,Congo,Uganda,1,1,0,0
2017-11-12,Ghana,Egypt,1,1,0,0
2017-11-12,Greece,Croatia,0,0,0,0
2017-11-12,Malta,Estonia,0,3,0,0
2017-11-12,Switzerland,Northern Ireland,0,0,0,0
2017-11-12,Togo,Mauritius,6,0,0,0
2017-11-13,Armenia,Cyprus,3,2,0,0
2017-11-13,Bulgaria,Saudi Arabia,1,0,1,0
2017-11-13,Georgia,Belarus,2,2,0,0
2017-11-13,Iran,Venezuela,1,0,1,0
2017-11-13,Iraq,Syria,1,1,0,0
2017-11-13,Italy,Sweden,0,0,0,0
2017-11-13,Kosovo,Latvia,4,3,0,0
2017-11-13,Malaysia,Korea DPR,1,4,1,0
2017-11-13,Poland,Mexico,0,1,0,0
2017-11-13,Turkey,Albania,2,3,0,0
2017-11-14,Algeria,Central African Republic,3,0,0,0
2017-11-14,Argentina,Nigeria,2,4,1,0
2017-11-14,Austria,Uruguay,2,1,0,0
2017-11-14,Belgium,Japan,1,0,0,0
2017-11-14,Bhutan,Oman,2,4,0,0
2017-11-14,Burkina Faso,Cape Verde,4,0,0,0
2017-11-14,Cambodia,Jordan,0,1,0,0
2017-11-14,China,Colombia,0,4,0,0
2017-11-14,England,Brazil,0,0,0,0
2017-11-14,Gabon,Botswana,0,0,0,0
2017-11-14,Germany,France,2,2,0,0
2017-11-14,Hong Kong,Lebanon,0,1,0,0
2017-11-14,Hungary,Costa Rica,1,0,0,0
2017-11-14,India,Burma,2,2,0,0
2017-11-14,Ireland,Denmark,1,5,0,0
2017-11-14,Korea Republic,Serbia,1,1,0,0
2017-11-14,Macau,Kyrgyzstan,3,4,0,0
2017-11-14,Nepal,Philippines,0,0,0,0
2017-11-14,Palestine,Maldives,8,1,0,0
2017-11-14,Portugal,USA,1,1,0,0
2017-11-14,Qatar,Iceland,1,1,0,0
2017-11-14,Romania,Netherlands,0,3,0,0
2017-11-14,Russia,Spain,3,3,0,0
2017-11-14,Senegal,South Africa,2,1,0,0
2017-11-14,Singapore,Bahrain,0,3,0,0
2017-11-14,Slovakia,Norway,1,0,0,0
2017-11-14,Tajikistan,Yemen,0,0,0,0
2017-11-14,Trinidad and Tobago,Guyana,1,1,0,0
2017-11-14,Turkmenistan,Taiwan,2,1,0,0
2017-11-14,United Arab Emirates,Uzbekistan,1,0,0,0
2017-11-14,Vietnam,Afghanistan,0,0,0,0
2017-11-14,Wales,Panama,1,1,0,0
2017-11-15,Australia,Honduras,3,1,0,0
2017-11-15,Peru,New Zealand,2,0,0,0
2017-11-18,Fiji,Estonia,0,2,0,0
2017-11-22,Vanuatu,Estonia,0,1,0,0
2017-11-25,Indonesia,Guyana,2,1,0,0
2017-11-26,New Caledonia,Estonia,1,1,0,0
2017-12-01,Laos,Philippines,1,3,1,0
2017-12-02,Fiji,Tuvalu,8,0,1,0
2017-12-02,Indonesia,Brunei,4,0,0,0
2017-12-02,Kyrgyzstan,Mongolia,3,0,1,0
2017-12-02,Tonga,Solomon Islands,0,8,1,0
2017-12-03,Kenya,Rwanda,2,0,0,0
2017-12-03,Laos,East Timor,2,1,1,0
2017-12-03,Libya,Tanzania,0,0,1,0
2017-12-03,St. Kitts and Nevis,Grenada,1,0,0,0
2017-12-03,Taiwan,Philippines,3,0,0,0
2017-12-04,Brunei,Kyrgyzstan,0,4,1,0
2017-12-04,Indonesia,Mongolia,3,2,0,0
2017-12-04,Taiwan,East Timor,3,1,0,0
2017-12-04,Uganda,Burundi,0,0,1,0
2017-12-05,East Timor,Philippines,1,0,1,0
2017-12-05,Kenya,Libya,0,0,0,0
2017-12-05,South Sudan,Ethiopia,0,3,1,0
2017-12-05,Taiwan,Laos,2,0,0,0
2017-12-05,Zanzibar,Rwanda,3,1,1,0
2017-12-06,Indonesia,Kyrgyzstan,0,1,0,0
2017-12-06,Solomon Islands,Fiji,0,0,1,0
2017-12-06,Vanuatu,Tonga,5,0,0,0
2017-12-07,Burundi,Ethiopia,4,1,1,0
2017-12-07,Rwanda,Libya,0,0,1,0
2017-12-07,Tanzania,Zanzibar,1,2,1,0
2017-12-08,Uganda,South Sudan,5,1,1,0
2017-12-09,Japan,Korea DPR,1,0,0,0
2017-12-09,Kenya,Zanzibar,0,0,0,0
2017-12-09,Korea Republic,China,2,2,1,0
2017-12-09,Rwanda,Tanzania,2,1,1,0
2017-12-09,Solomon Islands,Tuvalu,6,0,1,0
2017-12-09,Vanuatu,Fiji,1,1,0,0
2017-12-10,Ethiopia,Uganda,1,1,1,0
2017-12-11,Kenya,Tanzania,1,0,0,0
2017-12-11,Libya,Zanzibar,1,0,1,0
2017-12-11,South Sudan,Burundi,0,0,1,0
2017-12-12,Fiji,Tonga,4,0,1,0
2017-12-12,Japan,China,2,1,0,0
2017-12-12,Korea DPR,Korea Republic,0,1,1,0
2017-12-12,Vanuatu,Tuvalu,10,0,0,0
2017-12-14,Kenya,Burundi,1,0,0,0
2017-12-14,Qatar,Liechtenstein,1,2,0,0
2017-12-15,Tuvalu,Tonga,4,3,1,0
2017-12-15,Uganda,Zanzibar,1,2,1,0
2017-12-15,Vanuatu,Solomon Islands,3,2,0,0
2017-12-16,China,Korea DPR,1,1,1,0
2017-12-16,Japan,Korea Republic,1,4,0,0
2017-12-17,Burundi,Uganda,1,2,1,0
2017-12-17,Kenya,Zanzibar,2,2,0,0
2017-12-18,Bahrain,Kuwait,0,0,0,0
2017-12-22,Kuwait,Saudi Arabia,1,2,0,0
2017-12-22,Oman,United Arab Emirates,0,1,1,0
2017-12-23,Bahrain,Iraq,1,1,1,0
2017-12-23,Qatar,Yemen,4,0,1,0
2017-12-25,Jordan,Libya,1,1,0,0
2017-12-25,Kuwait,Oman,0,1,0,0
2017-12-25,United Arab Emirates,Saudi Arabia,0,0,1,0
2017-12-26,Iraq,Qatar,2,1,1,0
2017-12-26,Yemen,Bahrain,0,1,1,0
2017-12-28,Kuwait,United Arab Emirates,0,0,0,0
2017-12-28,Saudi Arabia,Oman,0,2,1,0
2017-12-29,Iraq,Yemen,3,0,1,0
2017-12-29,Qatar,Bahrain,1,1,1,0
2018-01-02,Iraq,United Arab Emirates,0,0,1,0
2018-01-02,Oman,Bahrain,1,0,1,0
2018-01-05,Oman,United Arab Emirates,0,0,1,0
2018-01-07,Estonia,Sweden,1,1,1,0
2018-01-11,Denmark,Sweden,0,1,1,0
2018-01-11,Indonesia,Iceland,0,6,0,0
2018-01-11,Jordan,Finland,1,2,1,0
2018-01-14,Indonesia,Iceland,1,4,0,0
2018-01-27,Moldova,Korea Republic,0,1,1,0
2018-01-28,USA,Bosnia-Herzegovina,0,0,0,0
2018-01-30,Azerbaijan,Moldova,0,0,1,0
2018-01-30,Jamaica,Korea Republic,2,2,1,0
2018-01-31,Mexico,Bosnia-Herzegovina,1,0,1,0
2018-02-03,Latvia,Korea Republic,0,1,1,0
2018-02-26,Saudi Arabia,Moldova,3,0,0,0
2018-02-28,Iraq,Saudi Arabia,4,1,0,0
2018-03-17,Iran,Sierra Leone,4,0,0,0
2018-03-21,Andorra,Liechtenstein,1,0,1,0
2018-03-21,Antigua and Barbuda,Bermuda,3,2,0,0
2018-03-21,Iraq,Qatar,2,3,0,0
2018-03-21,Jordan,Kuwait,1,0,0,0
2018-03-21,Laos,Cambodia,0,1,0,0
2018-03-21,Madagascar,Togo,0,0,1,0
2018-03-21,South Africa,Angola,1,1,1,0
2018-03-21,Tahiti,New Caledonia,0,0,0,0
2018-03-21,Zambia,Zimbabwe,2,2,0,0
2018-03-22,Algeria,Tanzania,4,1,0,0
2018-03-22,Bahrain,Palestine,0,0,0,0
2018-03-22,Belize,Grenada,4,2,0,0
2018-03-22,Burkina Faso,Guinea-Bissau,2,0,1,0
2018-03-22,China,Wales,0,6,0,0
2018-03-22,Denmark,Panama,1,0,0,0
2018-03-22,Dominican Republic,Turks and Caicos Islands,4,0,0,0
2018-03-22,Faroe Islands,Latvia,1,1,1,0
2018-03-22,Kyrgyzstan,Burma,5,1,1,0
2018-03-22,Macau,Mauritius,0,1,0,0
2018-03-22,Malaysia,Mongolia,2,2,0,0
2018-03-22,Malta,Luxembourg,0,1,0,0
2018-03-22,Nicaragua,Cuba,3,1,0,0
2018-03-22,Philippines,Fiji,3,2,0,0
2018-03-22,Slovakia,United Arab Emirates,2,1,1,0
2018-03-22,Thailand,Gabon,0,0,0,0
2018-03-23,Austria,Slovenia,3,0,0,0
2018-03-23,Azerbaijan,Belarus,0,1,0,0
2018-03-23,Bulgaria,Bosnia-Herzegovina,0,1,0,0
2018-03-23,Curaçao,Bolivia,1,1,0,0
2018-03-23,Cyprus,Montenegro,0,0,0,0
2018-03-23,Finland,Macedonia,0,0,1,0
2018-03-23,France,Colombia,2,3,0,0
2018-03-23,Gambia,Central African Republic,1,1,0,0
2018-03-23,Germany,Spain,1,1,0,0
2018-03-23,Greece,Switzerland,0,1,0,0
2018-03-23,Guadeloupe,Trinidad and Tobago,0,1,0,0
2018-03-23,Hungary,Kazakhstan,2,3,0,0
2018-03-23,Italy,Argentina,0,2,1,0
2018-03-23,Japan,Mali,1,1,1,0
2018-03-23,Mexico,Iceland,3,0,1,0
2018-03-23,Netherlands,England,0,1,0,0
2018-03-23,Norway,Australia,4,1,0,0
2018-03-23,Peru,Croatia,2,0,1,0
2018-03-23,Poland,Nigeria,0,1,0,0
2018-03-23,Portugal,Egypt,2,1,1,0
2018-03-23,Russia,Brazil,0,3,0,0
2018-03-23,Scotland,Costa Rica,0,1,0,0
2018-03-23,Senegal,Uzbekistan,1,1,1,0
2018-03-23,Serbia,Morocco,1,2,1,0
2018-03-23,Singapore,Maldives,3,2,0,0
2018-03-23,Tunisia,Iran,1,0,0,0
2018-03-23,Turkey,Ireland,1,0,0,0
2018-03-23,Ukraine,Saudi Arabia,1,1,1,0
2018-03-23,Uruguay,Czech Republic,2,0,1,0
2018-03-24,Angola,Zimbabwe,2,2,1,0
2018-03-24,Armenia,Estonia,0,0,0,0
2018-03-24,Botswana,Lesotho,1,0,0,0
2018-03-24,Canada,New Zealand,1,0,1,0
2018-03-24,Comoros,Kenya,2,2,1,0
2018-03-24,Georgia,Lithuania,4,0,0,0
2018-03-24,Israel,Romania,1,2,0,0
2018-03-24,Ivory Coast,Togo,2,2,1,0
2018-03-24,Kosovo,Madagascar,1,0,1,0
2018-03-24,Mauritania,Guinea,2,0,0,0
2018-03-24,Northern Ireland,Korea Republic,2,1,0,0
2018-03-24,Qatar,Syria,2,2,1,0
2018-03-24,Sweden,Chile,1,2,0,0
2018-03-24,Tahiti,New Caledonia,4,3,0,0
2018-03-24,Uganda,São Tomé and Príncipe,3,1,0,0
2018-03-24,Zambia,South Africa,0,2,0,0
2018-03-25,Barbados,Bermuda,0,0,0,0
2018-03-25,Dominican Republic,St. Kitts and Nevis,2,1,0,0
2018-03-25,Faroe Islands,Liechtenstein,3,0,1,0
2018-03-25,Gibraltar,Latvia,1,0,0,0
2018-03-25,Jamaica,Antigua and Barbuda,1,1,0,0
2018-03-25,Kuwait,Cameroon,1,3,0,0
2018-03-25,Martinique,Trinidad and Tobago,0,0,0,0
2018-03-25,Nicaragua,Cuba,3,3,0,0
2018-03-25,Thailand,Slovakia,2,3,0,0
2018-03-26,Albania,Norway,0,1,0,0
2018-03-26,Bulgaria,Kazakhstan,2,1,1,0
2018-03-26,China,Czech Republic,1,4,0,0
2018-03-26,Curaçao,Bolivia,1,0,0,0
2018-03-26,Finland,Malta,5,0,1,0
2018-03-26,Portugal,Netherlands,0,3,1,0
2018-03-26,Wales,Uruguay,0,1,1,0
2018-03-27,Afghanistan,Cambodia,2,1,1,0
2018-03-27,Algeria,Iran,1,2,1,0
2018-03-27,Armenia,Lithuania,0,1,0,0
2018-03-27,Australia,Colombia,0,0,1,0
2018-03-27,Azerbaijan,Macedonia,1,1,1,0
2018-03-27,Bahrain,Turkmenistan,4,0,0,0
2018-03-27,Belgium,Saudi Arabia,4,0,0,0
2018-03-27,Bosnia-Herzegovina,Senegal,0,0,1,0
2018-03-27,Burma,Macau,1,0,0,0
2018-03-27,Central African Republic,Kenya,3,2,1,0
2018-03-27,Denmark,Chile,0,0,0,0
2018-03-27,England,Italy,1,1,0,0
2018-03-27,Georgia,Estonia,2,0,0,0
2018-03-27,Germany,Brazil,0,1,0,0
2018-03-27,Greece,Egypt,1,0,1,0
2018-03-27,Hungary,Scotland,0,1,0,0
2018-03-27,Iraq,Syria,1,1,0,0
2018-03-27,Jordan,Vietnam,1,1,0,0
2018-03-27,Korea DPR,Hong Kong,2,0,0,0
2018-03-27,Kosovo,Burkina Faso,2,0,1,0
2018-03-27,Kyrgyzstan,India,2,1,0,0
2018-03-27,Laos,Bangladesh,2,2,0,0
2018-03-27,Lebanon,Malaysia,2,1,0,0
2018-03-27,Luxembourg,Austria,0,4,0,0
2018-03-27,Maldives,Bhutan,7,0,0,0
2018-03-27,Mexico,Croatia,0,1,1,0
2018-03-27,Moldova,Ivory Coast,1,2,1,0
2018-03-27,Mongolia,Mauritius,0,2,0,0
2018-03-27,Montenegro,Turkey,2,2,0,0
2018-03-27,Morocco,Uzbekistan,2,0,0,0
2018-03-27,Namibia,Lesotho,2,1,0,0
2018-03-27,Oman,Palestine,1,0,0,0
2018-03-27,Peru,Iceland,3,1,1,0
2018-03-27,Philippines,Tajikistan,2,1,0,0
2018-03-27,Poland,Korea Republic,3,2,0,0
2018-03-27,Romania,Sweden,1,0,0,0
2018-03-27,Russia,France,1,3,0,0
2018-03-27,Serbia,Nigeria,2,0,1,0
2018-03-27,Seychelles,Swaziland,0,0,0,0
2018-03-27,Slovenia,Belarus,0,2,0,0
2018-03-27,Spain,Argentina,6,1,0,0
2018-03-27,Switzerland,Panama,6,0,0,0
2018-03-27,Taiwan,Singapore,1,0,0,0
2018-03-27,Tanzania,Congo DR,2,0,0,0
2018-03-27,Tunisia,Costa Rica,1,0,1,0
2018-03-27,Uganda,Malawi,0,0,0,0
2018-03-27,Ukraine,Japan,2,1,1,0
2018-03-27,USA,Paraguay,1,0,0,0
2018-03-27,Yemen,Nepal,2,1,1,0
2018-04-01,Malaysia,Bhutan,7,0,0,0
2018-04-18,Trinidad and Tobago,Panama,0,1,0,0
2018-04-18,Zimbabwe,Botswana,0,1,0,0
2018-04-26,St. Kitts and Nevis,Jamaica,1,3,0,0
2018-04-30,Antigua and Barbuda,Jamaica,0,2,0,0
2018-05-08,Iraq,Palestine,0,0,0,0
2018-05-09,Algeria,Saudi Arabia,0,2,1,0
2018-05-11,Kuwait,Palestine,2,0,0,0
2018-05-15,Saudi Arabia,Greece,2,0,1,0
2018-05-19,Iran,Uzbekistan,1,0,0,0
2018-05-20,Jordan,Cyprus,3,0,0,0
2018-05-25,Kuwait,Egypt,1,1,0,0
2018-05-25,Kenya,Swaziland,0,1,0,0
2018-05-26,China,Burma,1,0,0,0
2018-05-27,Cameroon,Burkina Faso,0,1,1,0
2018-05-27,Niger,Central African Republic,3,3,0,0
2018-05-27,Madagascar,Mozambique,2,1,1,0
2018-05-27,Comoros,Seychelles,1,1,1,0
2018-05-28,USA,Bolivia,3,0,0,0
2018-05-28,Nigeria,Congo DR,1,1,0,0
2018-05-28,Kenya,Equatorial Guinea,1,0,0,0
2018-05-28,Portugal,Tunisia,2,2,0,0
2018-05-28,Italy,Saudi Arabia,2,1,1,0
2018-05-28,France,Ireland,2,0,0,0
2018-05-28,Mexico,Wales,0,0,1,0
2018-05-28,Turkey,Iran,2,1,0,0
2018-05-28,Korea Republic,Honduras,2,0,0,0
2018-05-28,Bosnia-Herzegovina,Montenegro,0,0,0,0
2018-05-28,Malawi,Mauritius,0,1,1,0
2018-05-28,Angola,Botswana,1,2,1,0
2018-05-29,Argentina,Haiti,4,0,0,0
2018-05-29,Albania,Kosovo,0,3,1,0
2018-05-29,Armenia,Malta,1,1,1,0
2018-05-29,Azerbaijan,Kyrgyzstan,3,0,0,0
2018-05-29,Peru,Scotland,2,0,0,0
2018-05-29,Panama,Northern Ireland,0,0,0,0
2018-05-29,Madagascar,Seychelles,1,1,1,0
2018-05-29,Comoros,Mozambique,0,3,1,0
2018-05-30,Japan,Ghana,0,2,0,0
2018-05-30,Central African Republic,Uganda,1,0,1,0
2018-05-30,Austria,Russia,1,0,0,0
2018-05-30,Malawi,Botswana,1,1,1,0
2018-05-30,Angola,Mauritius,1,0,1,0
2018-05-30,Estonia,Lithuania,2,0,0,0
2018-05-31,Ukraine,Morocco,0,0,1,0
2018-05-31,Romania,Chile,3,2,1,0
2018-05-31,Luxembourg,Senegal,0,0,0,0
2018-05-31,Mozambique,Seychelles,2,1,1,0
2018-05-31,Comoros,Madagascar,0,1,1,0
2018-05-31,Slovakia,Netherlands,1,1,0,0
2018-05-31,Ellan Vannin,Cascadia,4,1,1,0
2018-05-31,Barawa,Tamil Eelam,4,0,1,0
2018-05-31,Abkhazia,Tibet,3,0,1,0
2018-05-31,Northern Cyprus,Kárpátalja,1,1,1,0
2018-05-31,Székely Land,Tuvalu,4,0,1,0
2018-05-31,Padania,Matabeleland,6,1,1,0
2018-05-31,United Koreans in Japan,Western Armenia,0,0,1,0
2018-05-31,Panjab,Kabylia,8,0,1,0
2018-06-01,France,Italy,3,1,0,0
2018-06-01,Turkey,Tunisia,2,2,1,0
2018-06-01,Korea Republic,Bosnia-Herzegovina,1,3,0,0
2018-06-01,Czech Republic,Australia,0,4,1,0
2018-06-01,Algeria,Cape Verde,2,3,0,0
2018-06-01,Colombia,Egypt,0,0,1,0
2018-06-01,Malta,Georgia,0,1,1,0
2018-06-01,Botswana,Mauritius,6,0,1,0
2018-06-01,Angola,Malawi,0,0,1,0
2018-06-01,India,Taiwan,5,0,0,0
2018-06-02,El Salvador,Honduras,1,0,1,0
2018-06-02,Thailand,China,0,2,0,0
2018-06-02,England,Nigeria,2,1,0,0
2018-06-02,Montenegro,Slovenia,0,2,0,0
2018-06-02,Mexico,Scotland,1,0,0,0
2018-06-02,Sweden,Denmark,0,0,0,0
2018-06-02,Ireland,USA,2,1,0,0
2018-06-02,Belgium,Portugal,0,0,0,0
2018-06-02,Austria,Germany,2,1,0,0
2018-06-02,Niger,Uganda,2,1,0,0
2018-06-02,Iceland,Norway,2,3,0,0
2018-06-02,Zambia,Namibia,0,0,1,0
2018-06-02,Lesotho,Swaziland,1,0,1,0
2018-06-02,Latvia,Estonia,1,0,0,0
2018-06-02,Kenya,New Zealand,2,1,1,0
2018-06-02,Ellan Vannin,Tamil Eelam,2,0,1,0
2018-06-02,Barawa,Cascadia,1,2,1,0
2018-06-02,Abkhazia,Kárpátalja,0,2,1,0
2018-06-02,Northern Cyprus,Tibet,3,1,1,0
2018-06-02,Székely Land,Matabeleland,5,0,1,0
2018-06-02,Padania,Tuvalu,8,0,1,0
2018-06-02,United Koreans in Japan,Kabylia,0,0,1,0
2018-06-02,Panjab,Western Armenia,0,1,1,0
2018-06-03,Albania,Ukraine,1,4,1,0
2018-06-03,Saudi Arabia,Peru,0,3,1,0
2018-06-03,Spain,Switzerland,1,1,0,0
2018-06-03,Croatia,Brazil,0,2,1,0
2018-06-03,Costa Rica,Northern Ireland,3,0,0,0
2018-06-03,Barbados,Belize,0,0,0,0
2018-06-03,Andorra,Cape Verde,0,0,1,0
2018-06-03,South Africa,Madagascar,0,0,0,0
2018-06-03,Zimbabwe,Botswana,1,1,1,0
2018-06-03,Tamil Eelam,Cascadia,0,6,1,0
2018-06-03,Barawa,Ellan Vannin,2,0,1,0
2018-06-03,Abkhazia,Northern Cyprus,2,2,1,0
2018-06-03,Kárpátalja,Tibet,5,1,1,0
2018-06-03,Padania,Székely Land,3,1,1,0
2018-06-03,Tuvalu,Matabeleland,1,3,1,0
2018-06-03,Panjab,United Koreans in Japan,1,1,1,0
2018-06-03,Western Armenia,Kabylia,4,0,1,0
2018-06-04,Italy,Netherlands,1,1,0,0
2018-06-04,Serbia,Chile,0,1,1,0
2018-06-04,Slovakia,Morocco,1,2,1,0
2018-06-04,Armenia,Moldova,0,0,1,0
2018-06-04,India,Kenya,3,0,0,0
2018-06-05,Russia,Turkey,1,1,0,0
2018-06-05,Romania,Finland,2,0,0,0
2018-06-05,Luxembourg,Georgia,1,0,0,0
2018-06-05,Kazakhstan,Azerbaijan,3,0,0,0
2018-06-05,Martinique,French Guyana,3,0,0,0
2018-06-05,Lithuania,Latvia,1,1,0,0
2018-06-05,Taiwan,New Zealand,0,1,1,0
2018-06-05,South Africa,Namibia,4,1,0,0
2018-06-05,Swaziland,Botswana,0,2,1,0
2018-06-05,Matabeleland,Kabylia,0,0,1,0
2018-06-05,Abkhazia,Tamil Eelam,6,0,1,0
2018-06-05,United Koreans in Japan,Tuvalu,5,0,1,0
2018-06-05,Barawa,Northern Cyprus,0,8,1,0
2018-06-05,Padania,Panjab,2,0,1,0
2018-06-05,Kárpátalja,Cascadia,3,1,1,0
2018-06-05,Western Armenia,Székely Land,0,4,1,0
2018-06-06,Norway,Panama,1,0,0,0
2018-06-06,Czech Republic,Nigeria,1,0,1,0
2018-06-06,Belgium,Egypt,3,0,0,0
2018-06-06,Belarus,Hungary,1,1,0,0
2018-06-06,Zambia,Madagascar,1,0,1,0
2018-06-06,Lesotho,Zimbabwe,0,0,1,0
2018-06-07,England,Costa Rica,2,0,0,0
2018-06-07,Uruguay,Uzbekistan,3,0,0,0
2018-06-07,Portugal,Algeria,3,0,0,0
2018-06-07,Korea Republic,Bolivia,0,0,1,0
2018-06-07,Iceland,Ghana,2,2,0,0
2018-06-07,Guadeloupe,French Guyana,0,2,1,0
2018-06-07,India,New Zealand,1,2,0,0
2018-06-07,Tamil Eelam,Tuvalu,4,3,1,0
2018-06-07,Tibet,Kabylia,1,8,1,0
2018-06-07,Abkhazia,United Koreans in Japan,2,0,1,0
2018-06-07,Barawa,Panjab,0,5,1,0
2018-06-07,Cascadia,Western Armenia,4,0,1,0
2018-06-07,Northern Cyprus,Padania,3,2,1,0
2018-06-07,Kárpátalja,Székely Land,4,2,1,0
2018-06-08,Germany,Saudi Arabia,2,1,0,0
2018-06-08,Croatia,Senegal,2,1,0,0
2018-06-08,Switzerland,Japan,2,0,0,0
2018-06-08,Lithuania,Iran,0,1,1,0
2018-06-08,Poland,Chile,2,2,0,0
2018-06-08,Taiwan,Kenya,0,4,1,0
2018-06-09,Serbia,Bolivia,5,1,1,0
2018-06-09,Denmark,Mexico,2,0,0,0
2018-06-09,Sweden,Peru,0,0,0,0
2018-06-09,Hungary,Australia,1,2,0,0
2018-06-09,Estonia,Morocco,1,3,0,0
2018-06-09,Latvia,Azerbaijan,1,3,0,0
2018-06-09,Finland,Belarus,2,0,0,0
2018-06-09,Tunisia,Spain,0,1,1,0
2018-06-09,France,USA,1,1,0,0
2018-06-09,Matabeleland,Tamil Eelam,1,0,1,0
2018-06-09,Tibet,United Koreans in Japan,1,1,1,0
2018-06-09,Kabylia,Abkhazia,0,2,1,0
2018-06-09,Barawa,Western Armenia,0,7,1,0
2018-06-09,Panjab,Cascadia,3,3,1,0
2018-06-09,Padania,Székely Land,0,0,1,0
2018-06-09,Northern Cyprus,Kárpátalja,0,0,1,0
2018-06-10,Austria,Brazil,0,3,0,0
2018-06-11,Korea Republic,Senegal,0,2,1,0
2018-06-11,Belgium,Costa Rica,4,1,0,0
2018-06-12,Japan,Paraguay,4,2,1,0
2018-06-12,Poland,Lithuania,4,0,0,0
2018-06-14,Russia,Saudi Arabia,5,0,0,1
2018-06-15,Egypt,Uruguay,0,1,1,1
2018-06-15,Morocco,Iran,0,1,1,1
2018-06-15,Portugal,Spain,3,3,1,1
2018-06-16,France,Australia,2,1,1,1
2018-06-16,Argentina,Iceland,1,1,1,1
2018-06-16,Peru,Denmark,0,1,1,1
2018-06-16,Croatia,Nigeria,2,0,1,1
2018-06-17,Costa Rica,Serbia,0,1,1,1
2018-06-17,Germany,Mexico,0,1,1,1
2018-06-17,Brazil,Switzerland,1,1,1,1
2018-06-18,Sweden,Korea Republic,1,0,1,1
2018-06-18,Belgium,Panama,3,0,1,1
2018-06-18,Tunisia,England,1,2,1,1
2018-06-19,Colombia,Japan,1,2,1,1
2018-06-19,Poland,Senegal,1,2,1,1
2018-06-19,Russia,Egypt,3,1,0,1
2018-06-20,Portugal,Morocco,1,0,1,1
2018-06-20,Uruguay,Saudi Arabia,1,0,1,1
2018-06-20,Iran,Spain,0,1,1,1
2018-06-21,Denmark,Australia,1,1,1,1
2018-06-21,France,Peru,1,0,1,1
2018-06-21,Argentina,Croatia,0,3,1,1
2018-06-22,Brazil,Costa Rica,2,0,1,1
2018-06-22,Nigeria,Iceland,2,0,1,1
2018-06-22,Serbia,Switzerland,1,2,1,1
2018-06-23,Belgium,Tunisia,5,2,1,1
2018-06-23,Korea Republic,Mexico,1,2,1,1
2018-06-23,Germany,Sweden,2,1,1,1
2018-06-24,England,Panama,6,1,1,1
2018-06-24,Japan,Senegal,2,2,1,1
2018-06-24,Poland,Colombia,0,3,1,1
2018-06-25,Russia,Uruguay,0,3,0,1
2018-06-25,Saudi Arabia,Egypt,2,1,1,1
2018-06-25,Spain,Morocco,2,2,1,1
2018-06-25,Iran,Portugal,1,1,1,1
2018-06-26,Australia,Peru,0,2,1,1
2018-06-26,Denmark,France,0,0,1,1
2018-06-26,Nigeria,Argentina,1,2,1,1
2018-06-26,Iceland,Croatia,1,2,1,1
2018-06-27,Mexico,Sweden,0,3,1,1
2018-06-27,Korea Republic,Germany,2,0,1,1
2018-06-27,Serbia,Brazil,0,2,1,1
2018-06-27,Switzerland,Costa Rica,2,2,1,1
2018-06-28,Japan,Poland,0,1,1,1
2018-06-28,Senegal,Colombia,0,1,1,1
2018-06-28,England,Belgium,0,1,1,1
2018-06-28,Panama,Tunisia,1,2,1,1
2018-06-30,Uruguay,Portugal,2,1,1,1
2018-06-30,France,Argentina,4,3,1,1
2018-07-01,Spain,Russia,1,1,0,1
2018-07-01,Croatia,Denmark,1,1,1,1
2018-07-02,Belgium,Japan,3,2,1,1
2018-07-02,Brazil,Mexico,2,0,1,1
2018-07-03,Sweden,Switzerland,1,0,1,1
2018-07-03,England,Colombia,1,1,1,1
2018-07-06,Brazil,Belgium,1,2,1,1
2018-07-06,Uruguay,France,0,2,1,1
2018-07-07,Russia,Croatia,1,1,0,1
2018-07-07,Sweden,England,0,2,1,1
2018-07-10,France,Belgium,1,0,1,1
2018-07-11,England,Croatia,1,1,1,1
